{"metadata":{"formatVersion":3.1,"sourceFile":"Filter.obj","generatedBy":"OBJConverter","vertices":447,"faces":471,"normals":0,"uvs":0,"materials":2},"materials":[{"DbgColor":15658734,"DbgIndex":0,"DbgName":"DuctworkCarbon","colorAmbient":[0.0,0.0,0.0],"colorDiffuse":[0.235294,0.235294,0.235294],"colorSpecular":[0.0,0.0,0.0],"illumination":1,"opticalDensity":1.0,"specularCoef":131.372549,"transparency":1.0},{"DbgColor":15597568,"DbgIndex":1,"DbgName":"AirFilterFoam","colorAmbient":[0.0,0.0,0.0],"colorDiffuse":[0.937255,0.937255,0.560784],"colorSpecular":[0.0,0.0,0.0],"illumination":1,"opticalDensity":1.0,"specularCoef":131.372549,"transparency":1.0}],"buffers":"Filter.obj.bin"}