{"metadata":{"formatVersion":3.1,"sourceFile":"rooftopLowpoly_raj11e.obj","generatedBy":"OBJConverter","vertices":428,"faces":467,"normals":0,"uvs":0,"materials":3},"materials":[{"DbgColor":15658734,"DbgIndex":0,"DbgName":"outer","colorAmbient":[0.0,0.0,0.0],"colorDiffuse":[0.235294,0.235294,0.235294],"colorSpecular":[0.0,0.0,0.0],"illumination":1,"opticalDensity":1.0,"specularCoef":131.372549,"transparency":1.0},{"DbgColor":15597568,"DbgIndex":1,"DbgName":"ductwork","colorAmbient":[0.0,0.0,0.0],"colorDiffuse":[0.200784,0.200784,0.200782],"colorSpecular":[0.5,0.5,0.5],"illumination":2,"opticalDensity":1.0,"specularCoef":325.490196,"transparency":1.0},{"DbgColor":60928,"DbgIndex":2,"DbgName":"Ductwork","colorAmbient":[0.0,0.0,0.0],"colorDiffuse":[0.199216,0.199216,0.199216],"colorSpecular":[0.6,0.6,0.6],"illumination":2,"opticalDensity":1.0,"specularCoef":166.666667,"transparency":1.0}],"buffers":"rooftopLowpoly_raj11e.obj.bin"}