{"metadata":{"formatVersion":3.1,"sourceFile":"ConcreteBlock.obj","generatedBy":"OBJConverter","vertices":1208,"faces":426,"normals":2424,"uvs":0,"materials":2},"materials":[{"DbgColor":15658734,"DbgIndex":0,"DbgName":"Gypsum","colorAmbient":[0.540638,0.537617,0.543658],"colorDiffuse":[1.0,1.0,1.0],"colorSpecular":[0.0,0.0,0.0],"opticalDensity":1.0,"specularCoef":400.0,"transparency":1.0},{"DbgColor":15597568,"DbgIndex":1,"DbgName":"Default","colorAmbient":[0.784314,0.784314,0.784314],"colorDiffuse":[1.0,1.0,1.0],"colorSpecular":[0.0,0.0,0.0],"opticalDensity":1.0,"specularCoef":400.0,"transparency":1.0}],"buffers":"ConcreteBlock.obj.bin"}