{"metadata":{"formatVersion":3.1,"sourceFile":"diffuser.obj","generatedBy":"OBJConverter","vertices":3974,"faces":4587,"normals":0,"uvs":0,"materials":16},"materials":[{"DbgColor":15658734,"DbgIndex":0,"DbgName":"DefaultVent","colorAmbient":[0.0,0.0,0.0],"colorDiffuse":[0.784314,0.784314,0.784314],"colorSpecular":[0.0,0.0,0.0],"illumination":1,"opticalDensity":1.0,"specularCoef":131.372549,"transparency":1.0},{"DbgColor":15597568,"DbgIndex":1,"DbgName":"VAVPaddle","colorAmbient":[0.0,0.0,0.0],"colorDiffuse":[0.811765,0.556863,0.439216],"colorSpecular":[0.0,0.0,0.0],"illumination":1,"opticalDensity":1.0,"specularCoef":131.372549,"transparency":1.0},{"DbgColor":60928,"DbgIndex":2,"DbgName":"VAVPaddleAxle","colorAmbient":[0.0,0.0,0.0],"colorDiffuse":[0.0,0.419608,0.623529],"colorSpecular":[0.0,0.0,0.0],"illumination":1,"opticalDensity":1.0,"specularCoef":131.372549,"transparency":1.0},{"DbgColor":238,"DbgIndex":3,"DbgName":"VAVPiston","colorAmbient":[0.0,0.0,0.0],"colorDiffuse":[0.403922,0.439216,0.552941],"colorSpecular":[0.5,0.5,0.5],"illumination":2,"opticalDensity":1.0,"specularCoef":131.372549,"transparency":1.0},{"DbgColor":15658496,"DbgIndex":4,"DbgName":"VAVPistonHinge","colorAmbient":[0.0,0.0,0.0],"colorDiffuse":[0.0,0.419608,0.623529],"colorSpecular":[0.0,0.0,0.0],"illumination":1,"opticalDensity":1.0,"specularCoef":131.372549,"transparency":1.0},{"DbgColor":61166,"DbgIndex":5,"DbgName":"VAVControlBox","colorAmbient":[0.0,0.0,0.0],"colorDiffuse":[0.592157,0.760784,0.486275],"colorSpecular":[0.5,0.5,0.5],"illumination":2,"opticalDensity":1.0,"specularCoef":131.372549,"transparency":1.0},{"DbgColor":15597806,"DbgIndex":6,"DbgName":"VAVWireRed","colorAmbient":[0.0,0.0,0.0],"colorDiffuse":[0.462745,0.152941,0.270588],"colorSpecular":[0.5,0.5,0.5],"illumination":2,"opticalDensity":1.0,"specularCoef":131.372549,"transparency":1.0},{"DbgColor":10903250,"DbgIndex":7,"DbgName":"VAVWireGreen","colorAmbient":[0.0,0.0,0.0],"colorDiffuse":[0.160784,0.494118,0.160784],"colorSpecular":[0.5,0.5,0.5],"illumination":2,"opticalDensity":1.0,"specularCoef":131.372549,"transparency":1.0},{"DbgColor":9142600,"DbgIndex":8,"DbgName":"VAVWireGold","colorAmbient":[0.0,0.0,0.0],"colorDiffuse":[0.74902,0.576471,0.25098],"colorSpecular":[0.5,0.5,0.5],"illumination":2,"opticalDensity":1.0,"specularCoef":131.372549,"transparency":1.0},{"DbgColor":3698379,"DbgIndex":9,"DbgName":"VAVHydraulic","colorAmbient":[0.0,0.0,0.0],"colorDiffuse":[0.776471,0.67451,0.32549],"colorSpecular":[0.5,0.5,0.5],"illumination":2,"opticalDensity":1.0,"specularCoef":131.372549,"transparency":1.0},{"DbgColor":9886237,"DbgIndex":10,"DbgName":"VAVLever","colorAmbient":[0.0,0.0,0.0],"colorDiffuse":[0.670588,0.686275,0.760784],"colorSpecular":[0.0,0.0,0.0],"illumination":1,"opticalDensity":1.0,"specularCoef":131.372549,"transparency":1.0},{"DbgColor":3668136,"DbgIndex":11,"DbgName":"VAVLink","colorAmbient":[0.0,0.0,0.0],"colorDiffuse":[0.670588,0.686275,0.760784],"colorSpecular":[0.0,0.0,0.0],"illumination":1,"opticalDensity":1.0,"specularCoef":131.372549,"transparency":1.0},{"DbgColor":3335942,"DbgIndex":12,"DbgName":"VAVLinkHinge","colorAmbient":[0.0,0.0,0.0],"colorDiffuse":[0.0,0.419608,0.623529],"colorSpecular":[0.0,0.0,0.0],"illumination":1,"opticalDensity":1.0,"specularCoef":131.372549,"transparency":1.0},{"DbgColor":8478454,"DbgIndex":13,"DbgName":"Ductwork","colorAmbient":[0.0,0.0,0.0],"colorDiffuse":[0.199216,0.199216,0.199216],"colorSpecular":[0.6,0.6,0.6],"illumination":2,"opticalDensity":1.0,"specularCoef":166.666667,"transparency":1.0},{"DbgColor":499914,"DbgIndex":14,"DbgName":"VAVCoilFins","colorAmbient":[0.0,0.0,0.0],"colorDiffuse":[1.0,0.607843,0.415686],"colorSpecular":[0.5,0.5,0.5],"illumination":2,"opticalDensity":1.0,"specularCoef":131.372549,"transparency":0.2},{"DbgColor":445199,"DbgIndex":15,"DbgName":"VAVHeatingCoils","colorAmbient":[0.0,0.0,0.0],"colorDiffuse":[1.0,0.0,0.0],"colorSpecular":[0.5,0.5,0.5],"illumination":2,"opticalDensity":1.0,"specularCoef":131.372549,"transparency":1.0}],"buffers":"diffuser.obj.bin"}