{"type":"scene","containers":{"107":{"type":"group","groupName":"OuterOfficeGroup","position":[-16.2,0,-9.6],"rotation":[0,0,0]},"106":{"type":"group","groupName":"OuterOfficeGroup","position":[-16.2,0,-6.092],"rotation":[0,0,0]},"105":{"type":"group","groupName":"OuterOfficeGroup","position":[-16.2,0,-3.046],"rotation":[0,0,0]},"104":{"type":"group","groupName":"OuterOfficeGroup","position":[-16.2,0,-0.107],"rotation":[0,0,0]},"103":{"type":"group","groupName":"OuterOfficeGroup","position":[-16.2,0,3.046],"rotation":[0,0,0]},"102":{"type":"group","groupName":"OuterOfficeGroup","position":[-16.2,0,6.092],"rotation":[0,0,0]},"101":{"type":"group","groupName":"OuterOfficeGroup","position":[-16.2,0,9.6],"rotation":[0,0,0]},"108":{"type":"group","groupName":"OuterOfficeGroup","position":[16.2,0,-9.6],"rotation":[0,0,0]},"109":{"type":"group","groupName":"OuterOfficeGroup","position":[16.2,0,-6.092],"rotation":[0,0,0]},"110":{"type":"group","groupName":"OuterOfficeGroup","position":[16.2,0,-3.046],"rotation":[0,0,0]},"111":{"type":"group","groupName":"OuterOfficeGroup","position":[16.2,0,-0.107],"rotation":[0,0,0]},"112":{"type":"group","groupName":"OuterOfficeGroup","position":[16.2,0,3.046],"rotation":[0,0,0]},"113":{"type":"group","groupName":"OuterOfficeGroup","position":[16.2,0,6.092],"rotation":[0,0,0]},"114":{"type":"group","groupName":"OuterOfficeGroup","position":[16.2,0,9.6],"rotation":[0,0,0]},"C100 NW":{"type":"group","groupName":"ConfTableGroup","position":[-10.3004,0,-9.2448],"rotation":[0,0,0]},"121":{"type":"group","groupName":"QuadOfficeGroup","position":[-2.9236,0,-9.2448],"rotation":[0,0,0]},"122":{"type":"group","groupName":"QuadOfficeGroup","position":[3.2158,0,-9.2448],"rotation":[0,0,0]},"123":{"type":"group","groupName":"QuadOfficeGroup","position":[10.4093,0,-9.2448],"rotation":[0,0,0]},"120":{"type":"group","groupName":"QuadOfficeGroup","position":[-10.3004,0,-4.9602],"rotation":[0,0,0]},"129":{"type":"group","groupName":"DualOfficeGroup","position":[-2.9236,0,-4.9602],"rotation":[0,0,0]},"130":{"type":"group","groupName":"DualOfficeGroup","position":[3.2158,0,-4.9602],"rotation":[0,0,0]},"124":{"type":"group","groupName":"QuadOfficeGroup","position":[10.4093,0,-4.9602],"rotation":[0,0,0]},"119":{"type":"group","groupName":"QuadOfficeGroup","position":[-10.3004,0,-0.107],"rotation":[0,0,0]},"125":{"type":"group","groupName":"QuadOfficeGroup","position":[10.4093,0,-0.107],"rotation":[0,0,0]},"118":{"type":"group","groupName":"QuadOfficeGroup","position":[-10.3004,0,4.6452],"rotation":[0,0,0]},"128":{"type":"group","groupName":"DualOfficeGroup","position":[-2.9236,0,4.6452],"rotation":[0,3.141516,0]},"127":{"type":"group","groupName":"DualOfficeGroup","position":[3.2158,0,4.6452],"rotation":[0,3.141516,0]},"126":{"type":"group","groupName":"QuadOfficeGroup","position":[10.4093,0,4.6452],"rotation":[0,0,0]},"117":{"type":"group","groupName":"QuadOfficeGroup","position":[-10.3004,0,9.1282],"rotation":[0,0,0]},"116":{"type":"group","groupName":"QuadOfficeGroup","position":[-2.9236,0,9.1282],"rotation":[0,0,0]},"115":{"type":"group","groupName":"QuadOfficeGroup","position":[3.2158,0,9.1282],"rotation":[0,0,0]},"C100SE":{"type":"group","groupName":"ConfTableGroup","position":[10.4093,0,9.1282],"rotation":[0,0,0]}},"objects":{"OuterOffice":{"geometry":"geo_Chair","position":[0,0.57,0],"rotation":[0,0,0],"groups":["OuterOfficeGroup"]},"ConcreteBlock":{"geometry":"geo_ConcreteBlock","position":[0,2.0,-2],"rotation":[0,0,0],"groups":["ConfTableGroup"]},"BrickVeneer":{"geometry":"geo_BrickVeneer","position":[0,2.0,-2],"rotation":[0,0,0],"groups":["ConfTableGroup"]},"ConfTable":{"geometry":"geo_ConfTable","position":[0,0.35,0],"rotation":[0,0,0],"groups":["ConfTableGroup"]},"Chair_Conf_01":{"geometry":"geo_Chair","position":[-1.3,0.57,-0.8],"rotation":[0,0,0],"groups":["ConfTableGroup"]},"Chair_Conf_02":{"geometry":"geo_Chair","position":[-0.4,0.57,-0.8],"rotation":[0,0,0],"groups":["ConfTableGroup"]},"Chair_Conf_03":{"geometry":"geo_Chair","position":[0.5,0.57,-0.8],"rotation":[0,0,0],"groups":["ConfTableGroup"]},"Chair_Conf_04":{"geometry":"geo_Chair","position":[1.4,0.57,-0.8],"rotation":[0,0,0],"groups":["ConfTableGroup"]},"Chair_Conf_05":{"geometry":"geo_Chair","position":[-1.3,0.57,0.8],"rotation":[0,3.14159,0],"groups":["ConfTableGroup"]},"Chair_Conf_06":{"geometry":"geo_Chair","position":[-0.4,0.57,0.8],"rotation":[0,3.14159,0],"groups":["ConfTableGroup"]},"Chair_Conf_07":{"geometry":"geo_Chair","position":[0.5,0.57,0.8],"rotation":[0,3.14159,0],"groups":["ConfTableGroup"]},"Chair_Conf_08":{"geometry":"geo_Chair","position":[1.4,0.57,0.8],"rotation":[0,3.14159,0],"groups":["ConfTableGroup"]},"DualDesk":{"geometry":"geo_DualDesk","position":[0,0.65,0],"rotation":[0,0,0],"groups":["DualOfficeGroup"]},"Chair_Dual_01":{"geometry":"geo_Chair","position":[-1.202,0.57,0.0],"rotation":[0,-1.570758,0],"groups":["DualOfficeGroup"]},"Chair_Dual_02":{"geometry":"geo_Chair","position":[1.202,0.57,0.0],"rotation":[0,1.570758,0],"groups":["DualOfficeGroup"]},"QuadDesk":{"geometry":"geo_QuadDesk","position":[0,0.65,0],"rotation":[0,0,0],"groups":["QuadOfficeGroup"]},"Chair_Quad_01":{"geometry":"geo_Chair","position":[-1.202,0.57,-0.601],"rotation":[0,-1.570758,0],"groups":["QuadOfficeGroup"]},"Chair_Quad_02":{"geometry":"geo_Chair","position":[-1.202,0.57,0.801],"rotation":[0,-1.570758,0],"groups":["QuadOfficeGroup"]},"Chair_Quad_03":{"geometry":"geo_Chair","position":[1.2479,0.57,-0.659],"rotation":[0,1.570758,0],"groups":["QuadOfficeGroup"]},"Chair_Quad_04":{"geometry":"geo_Chair","position":[1.2479,0.57,0.801],"rotation":[0,1.570758,0],"groups":["QuadOfficeGroup"]},"Computer_01":{"geometry":"geo_Computer","position":[-1.80,0.91,-0.774],"rotation":[0,0,0],"groups":["QuadOfficeGroup"]},"Computer_02":{"geometry":"geo_Computer","position":[1.80,0.91,-0.774],"rotation":[0,3.1416,0],"groups":["QuadOfficeGroup"]},"Computer_03":{"geometry":"geo_Computer","position":[-1.80,0.91,0.774],"rotation":[0,0,0],"groups":["QuadOfficeGroup"]},"Computer_04":{"geometry":"geo_Computer","position":[1.80,0.91,0.774],"rotation":[0,3.1416,0],"groups":["QuadOfficeGroup"]},"TaskLight_01":{"geometry":"geo_TaskLight","position":[-1.7636,1.0,-0.4],"rotation":[0,0.179768913,0],"groups":["QuadOfficeGroup"]},"TaskLight_02":{"geometry":"geo_TaskLight","position":[1.7636,1.0,-0.4],"rotation":[0,1.78547182,0],"groups":["QuadOfficeGroup"]},"TaskLight_03":{"geometry":"geo_TaskLight","position":[-1.7636,1.0,0.4],"rotation":[0,4.96022573,0],"groups":["QuadOfficeGroup"]},"TaskLight_04":{"geometry":"geo_TaskLight","position":[1.7636,1.0,0.4],"rotation":[0,3.55349036,0],"groups":["QuadOfficeGroup"]}},"geometries":{"geo_Chair":{"type":"binary","url":"Chair2.obj.json"},"geo_TaskLight":{"type":"binary","url":"TaskLight.obj.json"},"geo_Computer":{"type":"binary","url":"Computer.obj.json"},"geo_QuadDesk":{"type":"binary","url":"QuadDesk.obj.json"},"geo_DualDesk":{"type":"binary","url":"DualDesk.obj.json"},"geo_ConcreteBlock":{"type":"binary","url":"ConcreteBlock.obj.json"},"geo_BrickVeneer":{"type":"binary","url":"BrickVeneer.obj.json"},"geo_ConfTable":{"type":"binary","url":"ConfTable.obj.json"}},"transform":{"position":[0,0.15,0],"rotation":[0,0,0],"scale":[1,1,1]}}