{"objects":{"Mesh.000":{"geometry":"geo_CubeGeom","groups":["air-handler","ps05"],"position":[0.500000,0.542000,6.790000],"scale":[1.499999,1.499999,0.200000]},"Mesh.001":{"geometry":"geo_CubeGeom","groups":["air-handler","ps05"],"position":[0.500000,0.500000,5.941000],"scale":[0.800000,0.700000,0.200000]},"Mesh.002":{"geometry":"geo_CubeGeom","groups":["air-handler","ps05"],"position":[0.500000,0.527000,2.975000],"scale":[0.750000,0.750000,0.750000]},"Mesh.003":{"geometry":"geo_CubeGeom","groups":["air-handler","ps05"],"position":[0.500000,-1.227000,3.014000],"rotation":[-1.570797,0,0],"scale":[0.800000,0.840000,0.220000]},"Mesh.004":{"geometry":"geo_CubeGeom","groups":["air-handler","ps05"],"position":[0.500000,-2.799000,3.014000],"rotation":[-1.570797,0,0],"scale":[0.800000,0.840000,0.220000]},"Mesh.005":{"geometry":"geo_CubeGeom","groups":["air-handler","ps05"],"position":[0.500000,-4.266000,3.010249],"rotation":[-1.570797,0,0],"scale":[0.800000,0.840000,0.220000]},"Mesh.006":{"geometry":"geo_CubeGeom","groups":["air-handler","ps05"],"materials":["particleBoxBlue"],"position":[-0.100000,-5.797994,2.994682],"rotation":[0,1.570797,0.000],"scale":[0.750000,0.750000,0.220000]},"Mesh.007":{"geometry":"geo_CylinderGeom","groups":["air-handler","ps05"],"position":[0.629892,-5.717768,3.001649],"rotation":[-0,1.570796,0],"scale":[0.610000,0.610000,0.490000]},"Mesh.008":{"geometry":"geo_CubeGeom","groups":["air-handler","ps05"],"position":[0.523018,-7.544209,3.172215],"rotation":[0.436333,-0,0],"scale":[0.680000,0.405000,0.290000]},"Mesh.009":{"geometry":"geo_CubeGeom","groups":["air-handler","ps05"],"position":[0.500000,-8.457000,2.110537],"rotation":[0,-0,0],"scale":[0.800000,0.400000,0.200000]},"Mesh.010":{"geometry":"geo_CubeGeom","groups":["air-handler","ps05"],"position":[0.500000,-8.601000,1.354399],"rotation":[0,-0,0],"scale":[0.800000,0.400000,0.200000]},"Mesh.941":{"geometry":"geo_CubeGeom","groups":["ps09-diffuser"],"position":[-7.629147,-16.429964,0.752242],"rotation":[0,-0,1.570797],"scale":[0.200000,0.200000,0.200000]},"Mesh.947":{"geometry":"geo_CubeGeom","groups":["ps09-diffuser"],"position":[-10.441900,-16.384926,-0.698152],"rotation":[0,-0,1.570797],"scale":[1,1,0.1]},"Mesh.946":{"geometry":"geo_CubeGeom","groups":["ps09-diffuser"],"position":[-10.404901,-16.434925,-0.147152],"rotation":[0,-0,1.570797],"scale":[0.500000,0.500000,0.100000]},"Mesh.944":{"geometry":"geo_CylinderGeom","groups":["ps09-diffuser"],"position":[-10.021488,-16.448397,0.768098],"rotation":[1.396264,1.570794,0.0],"scale":[0.150000,0.150000,0.075000]},"Mesh.945":{"geometry":"geo_CylinderGeom","groups":["ps09-diffuser"],"position":[-10.418222,-16.464926,0.405396],"rotation":[0,-0,1.570797],"scale":[0.150000,0.150000,0.075000]},"Mesh.943":{"geometry":"geo_CubeGeom","groups":["ps09-diffuser"],"position":[-9.353886,-16.519964,0.791848],"rotation":[0,-0,1.570797],"scale":[0.175000,0.175000,0.175000]},"Mesh.942":{"geometry":"geo_CylinderGeom","groups":["ps09-diffuser"],"position":[-8.052162,-16.474407,0.786956],"rotation":[0,1.570797,0],"scale":[0.180000,0.180000,0.150000]},"Mesh.842":{"geometry":"geo_CylinderGeom","groups":["ps08-diffuser"],"position":[-8.046207,-1.434597,0.786201],"rotation":[0,1.570797,0],"scale":[0.180000,0.180000,0.150000]},"Mesh.843":{"geometry":"geo_CubeGeom","groups":["ps08-diffuser"],"position":[-9.347931,-1.480153,0.791093],"rotation":[0,-0,1.570797],"scale":[0.175000,0.175000,0.175000]},"Mesh.845":{"geometry":"geo_CylinderGeom","groups":["ps08-diffuser"],"position":[-10.412268,-1.425114,0.404640],"rotation":[0,-0,1.570797],"scale":[0.150000,0.150000,0.075000]},"Mesh.844":{"geometry":"geo_CylinderGeom","groups":["ps08-diffuser"],"position":[-10.015533,-1.408585,0.767343],"rotation":[1.396264,1.570794,0.0],"scale":[0.150000,0.150000,0.075000]},"Mesh.846":{"geometry":"geo_CubeGeom","groups":["ps08-diffuser"],"position":[-10.398946,-1.395114,-0.147907],"rotation":[0,-0,1.570797],"scale":[0.500000,0.500000,0.100000]},"Mesh.847":{"geometry":"geo_CubeGeom","groups":["ps08-diffuser"],"position":[-10.435946,-1.345114,-0.698907],"rotation":[0,-0,1.570797],"scale":[1,1,0.100000]},"Mesh.841":{"geometry":"geo_CubeGeom","groups":["ps08-diffuser"],"position":[-7.623192,-1.390152,0.751487],"rotation":[0,-0,1.570797],"scale":[0.200000,0.200000,0.200000]},"Mesh.741":{"geometry":"geo_CubeGeom","groups":["ps07-diffuser"],"position":[-7.629145,13.503014,0.752242],"rotation":[0,-0,1.570797],"scale":[0.200000,0.200000,0.200000]},"Mesh.747":{"geometry":"geo_CubeGeom","groups":["ps07-diffuser"],"position":[-10.441898,13.548052,-0.698152],"rotation":[0,-0,1.570797],"scale":[1,1,0.100000]},"Mesh.746":{"geometry":"geo_CubeGeom","groups":["ps07-diffuser"],"position":[-10.404899,13.498052,-0.147152],"rotation":[0,-0,1.570797],"scale":[0.500000,0.500000,0.100000]},"Mesh.744":{"geometry":"geo_CylinderGeom","groups":["ps07-diffuser"],"position":[-10.021486,13.484580,0.768098],"rotation":[1.396264,1.570794,0.0],"scale":[0.150000,0.150000,0.075000]},"Mesh.745":{"geometry":"geo_CylinderGeom","groups":["ps07-diffuser"],"position":[-10.418221,13.468052,0.405396],"rotation":[0,-0,1.570797],"scale":[0.150000,0.150000,0.075000]},"Mesh.743":{"geometry":"geo_CubeGeom","groups":["ps07-diffuser"],"position":[-9.353884,13.413013,0.791848],"rotation":[0,-0,1.570797],"scale":[0.175000,0.175000,0.175000]},"Mesh.742":{"geometry":"geo_CylinderGeom","groups":["ps07-diffuser"],"position":[-8.052160,13.458569,0.786956],"rotation":[0,1.570797,0],"scale":[0.180000,0.180000,0.150000]},"Mesh.642":{"geometry":"geo_CylinderGeom","groups":["ps06-diffuser"],"position":[-0.074221,-16.913517,0.777133],"rotation":[1.570797,-0,-3.141591],"scale":[0.180000,0.180000,0.150000]},"Mesh.643":{"geometry":"geo_CubeGeom","groups":["ps06-diffuser"],"position":[-0.028664,-18.215240,0.782024],"rotation":[0,-0,3.141591],"scale":[0.175000,0.175000,0.175000]},"Mesh.645":{"geometry":"geo_CylinderGeom","groups":["ps06-diffuser"],"position":[-0.083702,-19.279579,0.395572],"rotation":[0,-0,3.141591],"scale":[0.150000,0.150000,0.075000]},"Mesh.644":{"geometry":"geo_CylinderGeom","groups":["ps06-diffuser"],"position":[-0.100231,-18.882843,0.758274],"rotation":[1.396264,0,0.0],"scale":[0.150000,0.150000,0.075000]},"Mesh.646":{"geometry":"geo_CubeGeom","groups":["ps06-diffuser"],"position":[-0.113702,-19.266256,-0.156976],"rotation":[0,-0,3.141591],"scale":[0.500000,0.500000,0.100000]},"Mesh.647":{"geometry":"geo_CubeGeom","groups":["ps06-diffuser"],"position":[-0.163702,-19.303257,-0.707976],"rotation":[0,-0,3.141591],"scale":[1,1,0.100000]},"Mesh.641":{"geometry":"geo_CubeGeom","groups":["ps06-diffuser"],"position":[-0.118666,-16.490501,0.742418],"rotation":[0,-0,3.141591],"scale":[0.200000,0.200000,0.200000]},"Mesh.442":{"geometry":"geo_CylinderGeom","groups":["ps04-diffuser"],"position":[-0.153107,13.872704,0.786953],"rotation":[1.570797,-0,0],"scale":[0.180000,0.180000,0.150000]},"Mesh.443":{"geometry":"geo_CubeGeom","groups":["ps04-diffuser"],"position":[-0.198662,15.174427,0.791845],"scale":[0.175000,0.175000,0.175000]},"Mesh.445":{"geometry":"geo_CylinderGeom","groups":["ps04-diffuser"],"position":[-0.143622,16.238764,0.405392],"scale":[0.150000,0.150000,0.075000]},"Mesh.444":{"geometry":"geo_CylinderGeom","groups":["ps04-diffuser"],"position":[-0.127094,15.842029,0.768095],"rotation":[1.396264,0,0.0],"scale":[0.150000,0.150000,0.075000]},"Mesh.446":{"geometry":"geo_CubeGeom","groups":["ps04-diffuser"],"position":[-0.113622,16.225441,-0.147155],"scale":[0.500000,0.500000,0.100000]},"Mesh.447":{"geometry":"geo_CubeGeom","groups":["ps04-diffuser"],"position":[-0.063622,16.262442,-0.698155],"scale":[1,1,0.100000]},"Mesh.441":{"geometry":"geo_CubeGeom","groups":["ps04-diffuser"],"position":[-0.108662,13.449688,0.752239],"scale":[0.200000,0.200000,0.200000]},"Mesh.342":{"geometry":"geo_CylinderGeom","groups":["ps03-diffuser"],"position":[7.542764,-16.454205,0.787095],"rotation":[1.570797,-0,-1.570797],"scale":[0.180000,0.180000,0.150000]},"Mesh.343":{"geometry":"geo_CubeGeom","groups":["ps03-diffuser"],"position":[8.844488,-16.408649,0.791986],"rotation":[0,0,-1.570797],"scale":[0.175000,0.175000,0.175000]},"Mesh.345":{"geometry":"geo_CylinderGeom","groups":["ps03-diffuser"],"position":[9.908825,-16.463692,0.405534],"rotation":[0,0,-1.570797],"scale":[0.150000,0.150000,0.075000]},"Mesh.344":{"geometry":"geo_CylinderGeom","groups":["ps03-diffuser"],"position":[9.512089,-16.480219,0.768236],"rotation":[1.396264,1.570794,0.0],"scale":[0.150000,0.150000,0.075000]},"Mesh.346":{"geometry":"geo_CubeGeom","groups":["ps03-diffuser"],"position":[9.895502,-16.493690,-0.147014],"rotation":[0,0,-1.570797],"scale":[0.500000,0.500000,0.100000]},"Mesh.347":{"geometry":"geo_CubeGeom","groups":["ps03-diffuser"],"position":[9.932503,-16.543692,-0.698014],"rotation":[0,0,-1.570797],"scale":[1,1,0.100000]},"Mesh.341":{"geometry":"geo_CubeGeom","groups":["ps03-diffuser"],"position":[7.119749,-16.498650,0.752380],"rotation":[0,0,-1.570797],"scale":[0.200000,0.200000,0.200000]},"Mesh.242":{"geometry":"geo_CylinderGeom","groups":["ps02-diffuser"],"position":[7.554988,-1.441148,0.787100],"rotation":[1.570797,-0,-1.570797],"scale":[0.180000,0.180000,0.150000]},"Mesh.243":{"geometry":"geo_CubeGeom","groups":["ps02-diffuser"],"position":[8.856712,-1.395593,0.791992],"rotation":[0,0,-1.570797],"scale":[0.175000,0.175000,0.175000]},"Mesh.245":{"geometry":"geo_CylinderGeom","groups":["ps02-diffuser"],"position":[9.921049,-1.450634,0.405539],"rotation":[0,0,-1.570797],"scale":[0.150000,0.150000,0.075000]},"Mesh.244":{"geometry":"geo_CylinderGeom","groups":["ps02-diffuser"],"position":[9.524313,-1.467162,0.768241],"rotation":[1.396264,1.570794,0.0],"scale":[0.150000,0.150000,0.075000]},"Mesh.246":{"geometry":"geo_CubeGeom","groups":["ps02-diffuser"],"position":[9.907726,-1.480633,-0.147008],"rotation":[0,0,-1.570797],"scale":[0.500000,0.500000,0.100000]},"Mesh.247":{"geometry":"geo_CubeGeom","groups":["ps02-diffuser"],"position":[9.944727,-1.530634,-0.698008],"rotation":[0,0,-1.570797],"scale":[1,1,0.100000]},"Mesh.241":{"geometry":"geo_CubeGeom","groups":["ps02-diffuser"],"position":[7.131973,-1.485592,0.752386],"rotation":[0,0,-1.570797],"scale":[0.200000,0.200000,0.200000]},"Mesh.101":{"geometry":"geo_CylinderGeom","groups":["ps01-diffuser"],"position":[7.554988,13.546850,0.787099],"rotation":[3.141592,1.570795,0],"scale":[0.180000,0.180000,0.150000]},"Mesh.102":{"geometry":"geo_CubeGeom","groups":["ps01-diffuser"],"position":[8.856711,13.592408,0.791991],"rotation":[0,0,-1.570794],"scale":[0.175000,0.175000,0.175000]},"Mesh.104":{"geometry":"geo_CylinderGeom","groups":["ps01-diffuser"],"position":[9.921048,13.537371,0.405539],"rotation":[0,0,-1.570794],"scale":[0.150000,0.150000,0.075000]},"Mesh.103":{"geometry":"geo_CylinderGeom","groups":["ps01-diffuser"],"position":[9.524313,13.520842,0.768241],"rotation":[1.396264,1.570794,0.0],"scale":[0.150000,0.150000,0.075000]},"Mesh.105":{"geometry":"geo_CubeGeom","groups":["ps01-diffuser"],"position":[9.907726,13.507370,-0.147009],"rotation":[0,0,-1.570794],"scale":[0.500000,0.500000,0.100000]},"Mesh.106":{"geometry":"geo_CubeGeom","groups":["ps01-diffuser"],"position":[9.944727,13.457371,-0.698009],"rotation":[0,0,-1.570794],"scale":[1,1,0.100000]},"Mesh.100":{"geometry":"geo_CubeGeom","groups":["ps01-diffuser"],"position":[7.131972,13.502405,0.752385],"rotation":[0,0,-1.570794],"scale":[0.200000,0.200000,0.200000]},"Mesh.011":{"geometry":"geo_CubeGeom","groups":["ps05","ps05-diffuser"],"position":[0.654960,-8.364754,0.754394],"scale":[0.200000,0.200000,0.200000]},"Mesh.017":{"geometry":"geo_CubeGeom","groups":["ps05","ps05-diffuser"],"position":[0.700000,-5.552000,-0.696000],"scale":[1,1,0.100000]},"Mesh.016":{"geometry":"geo_CubeGeom","groups":["ps05","ps05-diffuser"],"position":[0.650000,-5.589000,-0.145000],"scale":[0.500000,0.500000,0.100000]},"Mesh.014":{"geometry":"geo_CylinderGeom","groups":["ps05","ps05-diffuser"],"position":[0.636528,-5.972413,0.770250],"rotation":[1.396264,0,0.0],"quaternion":[0.766044,0.642788,0,0],"scale":[0.150000,0.150000,0.075000]},"Mesh.015":{"geometry":"geo_CylinderGeom","groups":["ps05","ps05-diffuser"],"position":[0.620000,-5.575678,0.407548],"rotation":[0,-0,0],"quaternion":[1,0,0,0],"scale":[0.150000,0.150000,0.075000]},"Mesh.013":{"geometry":"geo_CubeGeom","groups":["ps05","ps05-diffuser"],"materials":["particleBoxBlue"],"position":[0.564960,-6.640015,0.794000],"rotation":[0,-0,0],"quaternion":[1,0,0,0],"scale":[0.175000,0.175000,0.175000]},"Mesh.012":{"geometry":"geo_CylinderGeom","groups":["ps05","ps05-diffuser"],"materials":["particleRed"],"position":[0.610515,-7.941738,0.789108],"rotation":[1.570797,-0,0],"quaternion":[0.707107,0.707107,0,0],"scale":[0.180000,0.180000,0.150000]},"Mesh.026":{"geometry":"geo_CubeGeom","groups":["ps05"],"materials":["particleBoxBlue"],"position":[0.532000,3.446000,3.000000],"rotation":[0,-0,0],"quaternion":[1,0,0,0],"scale":[0.800000,0.800000,0.700000]},"Mesh.025":{"geometry":"geo_CubeGeom","groups":["ps05"],"materials":["particleBoxBlue"],"position":[0.598000,3.446000,2.019000],"rotation":[0,-0,0],"quaternion":[1,0,0,0],"scale":[0.800000,0.800000,0.100000]},"Mesh.024":{"geometry":"geo_CubeGeom","groups":["ps05"],"materials":["particleBoxBlue"],"position":[0.598000,3.446000,0.602000],"rotation":[0,-0,0],"quaternion":[1,0,0,0],"scale":[0.800000,0.800000,0.100000]},"Mesh.023":{"geometry":"geo_CubeGeom","groups":["ps05"],"materials":["particleBoxBlue"],"position":[0.598000,2.455000,0.602000],"rotation":[1.570797,-0,0],"quaternion":[0.707107,0.707107,0,0],"scale":[0.600000,0.500000,0.100000]},"Mesh.022":{"geometry":"geo_CubeGeom","groups":["ps05"],"materials":["particleBoxBlue"],"position":[0.700000,0.957000,-0.381000],"rotation":[0,-0,0],"quaternion":[1,0,0,0],"scale":[1.999999,1.499999,0.100000]},"Mesh.021":{"geometry":"geo_CubeGeom","groups":["ps05"],"materials":["particleBoxBlue"],"position":[0.700000,-0.603000,-1.213000],"rotation":[0,-0,0],"quaternion":[1,0,0,0],"scale":[1.999999,2.999999,0.100000]},"Mesh.020":{"geometry":"geo_CubeGeom","groups":["ps05"],"materials":["particleBoxBlue"],"position":[0.750000,-1.684000,-1.806000],"rotation":[0,-0,0],"quaternion":[1,0,0,0],"scale":[1.999999,3.999998,0.100000]},"Mesh.019":{"geometry":"geo_CubeGeom","groups":["ps05"],"materials":["particleBoxBlue"],"position":[0.700000,-3.812000,-2.463000],"rotation":[0,-0,0],"quaternion":[1,0,0,0],"scale":[1.999999,3.999998,0.100000]},"Mesh.018":{"geometry":"geo_CubeGeom","groups":["ps05"],"position":[0.700000,-5.706000,-1.302000],"rotation":[0,-0,0],"scale":[1.999999,1.999999,0.100000]}},"geometries":{"geo_CubeGeom":{"type":"embedded","id":"emb_CubeGeom"},"geo_CylinderGeom":{"type":"embedded","id":"emb_CylinderGeom"}},"materials":{"particleBoxBlue":{"type":"MeshLambertMaterial","parameters":{"color":1977507,"opacity":1}},"particleRed":{"type":"MeshLambertMaterial","parameters":{"color":5898496,"opacity":1}}},"embeds":{"emb_CylinderGeom":{"version":2,"scale":1,"materials":[{"DbgColor":15658734,"DbgIndex":0,"DbgName":"particleRed","colorAmbient":[0.0,0.0,0.0],"colorDiffuse":[0.3549019694328308,0.004344759043306112,0.0],"colorSpecular":[0.3419532775878906,0.0,0.0],"shading":"Lambert","specularCoef":68,"transparency":1.0,"vertexColors":false}],"vertices":[0,1,-1,0.195090,0.980785,-1,0.382683,0.923880,-1,0.555570,0.831470,-1,0.707107,0.707107,-1,0.831470,0.555570,-1,0.923880,0.382683,-1,0.980785,0.195090,-1,1,0,-1,0.980785,-0.195090,-1,0.923880,-0.382683,-1,0.831470,-0.555570,-1,0.707107,-0.707107,-1,0.555570,-0.831470,-1,0.382683,-0.923880,-1,0.195090,-0.980785,-1,-0,-1,-1,-0.195091,-0.980785,-1,-0.382684,-0.923879,-1,-0.555571,-0.831469,-1,-0.707107,-0.707106,-1,-0.831470,-0.555570,-1,-0.923880,-0.382683,-1,-0.980785,-0.195089,-1,-1,0.000001,-1,-0.980785,0.195091,-1,-0.923879,0.382684,-1,-0.831469,0.555571,-1,-0.707106,0.707108,-1,-0.555569,0.831470,-1,-0.382682,0.923880,-1,-0.195089,0.980786,-1,0.000002,1,1,0.195092,0.980785,1,0.382685,0.923879,1,0.555572,0.831469,1,0.707108,0.707105,1,0.831471,0.555569,1,0.923880,0.382682,1,0.980786,0.195088,1,1,-0.000002,1,0.980785,-0.195092,1,0.923879,-0.382685,1,0.831469,-0.555571,1,0.707106,-0.707107,1,0.555570,-0.831470,1,0.382684,-0.923880,1,0.195091,-0.980785,1,0.000001,-1,1,-0.195089,-0.980786,1,-0.382682,-0.923880,1,-0.555568,-0.831471,1,-0.707105,-0.707109,1,-0.831468,-0.555573,1,-0.923878,-0.382686,1,-0.980785,-0.195094,1,-1,-0.000004,1,-0.980786,0.195086,1,-0.923881,0.382679,1,-0.831473,0.555566,1,-0.707111,0.707103,1,-0.555575,0.831466,1,-0.382689,0.923877,1,-0.195097,0.980784,1,0,0,-1,0,0,1],"morphTargets":[],"normals":[],"colors":[],"uvs":[[]],"faces":[2,64,0,1,0,2,65,33,32,0,2,64,1,2,0,2,65,34,33,0,2,64,2,3,0,2,65,35,34,0,2,64,3,4,0,2,65,36,35,0,2,64,4,5,0,2,65,37,36,0,2,64,5,6,0,2,65,38,37,0,2,64,6,7,0,2,65,39,38,0,2,64,7,8,0,2,65,40,39,0,2,64,8,9,0,2,65,41,40,0,2,64,9,10,0,2,65,42,41,0,2,64,10,11,0,2,65,43,42,0,2,64,11,12,0,2,65,44,43,0,2,64,12,13,0,2,65,45,44,0,2,64,13,14,0,2,65,46,45,0,2,64,14,15,0,2,65,47,46,0,2,64,15,16,0,2,65,48,47,0,2,64,16,17,0,2,65,49,48,0,2,64,17,18,0,2,65,50,49,0,2,64,18,19,0,2,65,51,50,0,2,64,19,20,0,2,65,52,51,0,2,64,20,21,0,2,65,53,52,0,2,64,21,22,0,2,65,54,53,0,2,64,22,23,0,2,65,55,54,0,2,64,23,24,0,2,65,56,55,0,2,64,24,25,0,2,65,57,56,0,2,64,25,26,0,2,65,58,57,0,2,64,26,27,0,2,65,59,58,0,2,64,27,28,0,2,65,60,59,0,2,64,28,29,0,2,65,61,60,0,2,64,29,30,0,2,65,62,61,0,2,64,30,31,0,2,65,63,62,0,2,31,0,64,0,2,65,32,63,0,3,0,32,33,1,0,3,1,33,34,2,0,3,2,34,35,3,0,3,3,35,36,4,0,3,4,36,37,5,0,3,5,37,38,6,0,3,6,38,39,7,0,3,7,39,40,8,0,3,8,40,41,9,0,3,9,41,42,10,0,3,10,42,43,11,0,3,11,43,44,12,0,3,12,44,45,13,0,3,13,45,46,14,0,3,14,46,47,15,0,3,15,47,48,16,0,3,16,48,49,17,0,3,17,49,50,18,0,3,18,50,51,19,0,3,19,51,52,20,0,3,20,52,53,21,0,3,21,53,54,22,0,3,22,54,55,23,0,3,23,55,56,24,0,3,24,56,57,25,0,3,25,57,58,26,0,3,26,58,59,27,0,3,27,59,60,28,0,3,28,60,61,29,0,3,29,61,62,30,0,3,30,62,63,31,0,3,32,0,31,63,0]},"emb_CubeGeom":{"version":2,"scale":1,"materials":[{"DbgColor":15658734,"DbgIndex":0,"DbgName":"particleBoxBlue","colorAmbient":[0.0,0.0,0.0],"colorDiffuse":[0.12114807547849527,0.17566639446715104,0.6400000190734865],"colorSpecular":[0.5,0.5,0.5],"shading":"Lambert","specularCoef":50,"transparency":1.0,"vertexColors":false}],"vertices":[1,1,-1,1,-1,-1,-1,-1,-1,-1,1,-1,1,1,1,0.999999,-1.000001,1,-1,-1,1,-1,1,1],"morphTargets":[],"normals":[],"colors":[],"uvs":[[]],"faces":[3,0,1,2,3,0,3,4,7,6,5,0,3,0,4,5,1,0,3,1,5,6,2,0,3,2,6,7,3,0,3,4,0,3,7,0]}},"transform":{"position":[-1.30,-1.3,0.0],"rotation":[-1.570797,0,1.570797]}}