{"materials":[{"DbgColor":15658734,"DbgIndex":0,"DbgName":"Default","colorAmbient":[0.784314,0.784314,0.784314],"colorDiffuse":[0.784314,0.784314,0.784314],"colorSpecular":[0.784314,0.784314,0.784314],"opticalDensity":1.0,"specularCoef":400.0,"transparency":1.0},{"DbgColor":15597568,"DbgIndex":1,"DbgName":"Screen","colorAmbient":[0.176471,0.176471,0.176471],"colorDiffuse":[0.176471,0.176471,0.176471],"colorSpecular":[0.225,0.225,0.225],"opticalDensity":1.0,"specularCoef":400.0,"transparency":1.0}],"buffers":"Computer.obj.bin"}