<?xml version="1.0" encoding="UTF-8"?>
<!-- edited with XMLSpy v2013 sp1 (x64) (http://www.altova.com) by RD (pcd) -->
<Scenario name="Complete Scenario">


   <SystemList name="input">
      <System name="General" abbr="GN">
         <SubSystem name="Output" abbr="Out">
            <Category name="NONE" abbr="">
               <Variable name="Outside air dry bulb" abbr="OATemp" modName="y_SYS[1]" scope="output" variability="continuous" unit="K">
                  <Temperature />
               </Variable>
               <Variable name="Zone 1 temp" abbr="ZN1Temp" modName="y_ZN[1]" scope="output" variability="continuous" unit="K">
                  <Temperature />
               </Variable>
            </Category>
         </SubSystem>
         <SubSystem name="Site" abbr="Sit">
            <Category name="Day of Year" abbr="DoY">
               <Variable visible="false" name="Day of Year" abbr="DoY" scope="gui" phase="1a" variability="parameter" unit="Day">
                  <Integer min="1" max="365" default="1" />
               </Variable>
            </Category>
            <Category name="Time of Day" abbr="Tm">
               <Variable visible="false" name="Hours" abbr="Hr" scope="gui" phase="1a" variability="parameter" unit="Hour">
                  <Integer min="0" max="23" default="0" />
               </Variable>
               <Variable visible="false" name="Minutes" abbr="Mn" scope="gui" phase="1a" variability="parameter" unit="Minute">
                  <Integer min="0" max="59" default="0" />
               </Variable>
               <Variable name="Seconds" abbr="Sc" scope="gui" phase="1a" variability="parameter" unit="Second">
                  <Integer min="0" max="59" default="0" />
               </Variable>
            </Category>
            <Category name="Location" abbr="Loc">
               <Variable name="City" visible="false" abbr="Cit" scope="gui" phase="1a" variability="parameter" unit="latlong">
                  <OptionList>
                     <Option name="Chicago" default="true" />
                     <Option name="Palm Springs" />
                     <Option name="Pittsburgh" description="(40.497615-80.256329)" disabled="true" />
                  </OptionList>
               </Variable>
            </Category>
         </SubSystem>
         <SubSystem name="Scenario" abbr="Sc">
            <Category name="Simulation Period" abbr="SimPd">
               <Variable visible="false" name="Simulation Period" abbr="SimPd" phase="1a" scope="gui" variability="parameter" unit="Time Span">
                  <OptionList>
                     <Option name="instance in time" />
                     <Option name="diurnal" description="daily" />
                     <Option name="annual" />
                     <Option name="quarterly" />
                     <Option name="monthly" />
                     <Option name="weekly" />
                  </OptionList>
               </Variable>
            </Category>
            <Category name="Use Schedule" abbr="Use">
               <Variable name="Occupancy Use Schedule" abbr="Sc" phase="1a" scope="gui" variability="parameter" unit="Time Span">
                  <OptionList>
                     <Option name="M-F 9am-5pm" />
                     <Option name="Saturday" />
                     <Option name="Sunday" />
                  </OptionList>
               </Variable>
               <Variable name="Peak Condition" abbr="ScPk" unit="sf/person" phase="1a" scope="gui" variability="parameter">
                  <Integer min="4" max="1000" />
               </Variable>
            </Category>
         </SubSystem>
         <SubSystem name="Building" abbr="Bd">
            <Category name="Number of Floors" abbr="NumFl">
               <Variable name="Number of Floors" abbr="NumFl" scope="gui" phase="1a" variability="parameter">
                  <OptionList>
                     <Option name="3" default="true" />
                     <Option name="5" disabled="true" />
                     <Option name="7" disabled="true" />
                  </OptionList>
               </Variable>
            </Category>
            <Category name="Floor location in Building" abbr="FlLoc--1">
               <Variable name="Number of Floors" abbr="FlLoc--2" scope="gui" phase="1a" variability="parameter">
                  <OptionList>
                     <Option name="1" disabled="true" />
                     <Option name="2" default="true" />
                     <Option name="3" disabled="true" />
                  </OptionList>
               </Variable>
            </Category>
         </SubSystem>
         <SubSystem name="Zone" abbr="Zn">
            <Category name="Ceiling Height" abbr="CeHt">
               <Variable name="Ceiling Height" abbr="CeHt" scope="gui" phase="1a" variability="parameter" unit="ft">
                  <OptionList>
                     <Option name="9" default="true" />
                     <Option name="11" disabled="true" />
                     <Option name="13" disabled="true" />
                  </OptionList>
               </Variable>
            </Category>
            <Category name="Floor Location" abbr="FlLoc--3">
               <Variable name="Floor Location" abbr="FlLoc--4" scope="gui" phase="1a" variability="parameter">
                  <OptionList>
                     <Option name="N" description="North Zone" />
                     <Option name="NE" description="North East Zone" />
                     <Option name="E" description="East Zone" />
                     <Option name="SE" description="South East Zone" />
                     <Option name="S" description="South Zone" />
                     <Option name="SW" description="South West Zone" />
                     <Option name="W" description="West Zone" />
                     <Option name="Core" description="Core Zone" />
                  </OptionList>
               </Variable>
            </Category>
         </SubSystem>
         <SubSystem name="Space Use" abbr="Su" />
         <SubSystem name="Interior" abbr="In">
            <Category name="Furniture" abbr="Fu">
               <Variable name="Furniture Layout" abbr="Layout" phase="1a" scope="gui" variability="parameter">
                  <OptionList>
                     <Option name="rectilinear #1" />
                     <Option name="rectilinear #2" default="true" />
                     <Option name="free-form" />
                  </OptionList>
               </Variable>
            </Category>
         </SubSystem>
      </System>
      <System name="Lighting" abbr="Lt">
         <SubSystem name="Ceiling Mounted" abbr="Cm">
            <Category name="Lighting Vintage" abbr="Lv">
               <Variable name="Lighting Vintage" abbr="Lv" phase="1a" scope="gui" variability="parameter">
                  <OptionList>
                     <Option name="1990" />
                     <Option name="2000" />
                     <Option name="2004" />
                     <Option name="2010" />
                  </OptionList>
               </Variable>
            </Category>
            <Category name="Parabolic Troffer" abbr="Pt">
               <Variable name="Luminaire Size" abbr="LumSz" phase="1a" unit="m" scope="gui" variability="parameter">
                  <description>This is a description of the System</description>
                  <OptionList>
                     <Option name="1x4" />
                     <Option name="2x2" />
                     <Option name="2x4" />
                  </OptionList>
               </Variable>
               <Variable name="Color Temperature" abbr="CCT" phase="1a" scope="gui" unit="K" variability="parameter">
                  <OptionList>
                     <Option name="2700" />
                     <Option name="3500" />
                     <Option name="4100" />
                  </OptionList>
               </Variable>
               <Variable name="Number of Lamps" abbr="NumLp" phase="1a" scope="gui" variability="parameter">
                  <OptionList>
                     <Option name="2" />
                     <Option name="3" />
                     <Option name="4" />
                  </OptionList>
               </Variable>
               <Component name="Lamp Type">
                  <ComponentOption name="T5">
                     <Variable name="Lamp Type" abbr="LpTyp" phase="1a" scope="gui" variability="parameter">
                        <Constant value="T5" />
                     </Variable>
                     <Variable name="Wattage" abbr="PwrT5" phase="1b" unit="W">
                        <OptionList>
                           <Option name="24" />
                           <Option name="28" />
                           <Option name="54" />
                        </OptionList>
                     </Variable>
                     <Variable name="Lamp Lumens per T5" abbr="LumT5" phase="1b" unit="Lumens">
                        <OptionList>
                           <Option name="1750" />
                           <Option name="2600" />
                           <Option name="4450" />
                        </OptionList>
                     </Variable>
                  </ComponentOption>
                  <ComponentOption name="T8" />
                  <ComponentOption name="T12" />
               </Component>
               <Variable name="Lamp Type" abbr="LpTyp" phase="1a" scope="gui" variability="parameter">
                  <OptionList>
                     <Option name="T5">
                        <Variable name="Wattage" abbr="PwrT5" phase="1b" unit="W">
                           <OptionList>
                              <Option name="24" />
                              <Option name="28" />
                              <Option name="54" />
                           </OptionList>
                        </Variable>
                        <Variable name="Lamp Lumens per T5" abbr="LumT5" phase="1b" unit="Lumens">
                           <OptionList>
                              <Option name="1750" />
                              <Option name="2600" />
                              <Option name="4450" />
                           </OptionList>
                        </Variable>
                     </Option>
                     <Option name="T8">
                        <Variable name="Wattage" abbr="PwrT8" phase="1b" scope="gui" variability="parameter" unit="W">
                           <OptionList>
                              <Option name="24" />
                              <Option name="28" />
                              <Option name="34" />
                           </OptionList>
                        </Variable>
                        <Variable name="Lamp Lumens per T8" abbr="Lum" phase="1b" variability="parameter" unit="Lumens">
                           <OptionList>
                              <Option name="2475" />
                              <Option name="2725" />
                              <Option name="3100" />
                           </OptionList>
                        </Variable>
                     </Option>
                     <Option name="T12">
                        <Variable name="Wattage" abbr="PwrT12" phase="1a" scope="gui" unit="W" variability="parameter">
                           <OptionList>
                              <Option name="24" />
                              <Option name="28" />
                           </OptionList>
                        </Variable>
                        <Variable name="Lamp Lumens per T12" abbr="Lum" phase="1a" scope="gui" unit="Lumens" variability="parameter">
                           <OptionList>
                              <Option name="3100" />
                              <Option name="2600" />
                              <Option name="3450" />
                           </OptionList>
                        </Variable>
                     </Option>
                  </OptionList>
               </Variable>
               <Variable name="Lamp Wattage" abbr="LmpPwr" phase="1a" scope="output" unit="W" variability="continuous">
                  <Decimal default="0" />
               </Variable>
               <Variable name="Lamp Lumens" abbr="LmpLum" phase="1a" scope="output" unit="Lumens" variability="continuous">
                  <Decimal default="0" />
               </Variable>
               <Variable name="Lamp Lumen Depreciation" abbr="LLD" phase="1a" scope="output" unit="Lumens" variability="continuous">
                  <Decimal default="0" />
               </Variable>
               <Variable name="Type of Ballast" abbr="BalTyp" phase="1a" scope="gui" variability="parameter">
                  <OptionList>
                     <Option name="Magnetic/ Rapid" />
                     <Option name="Electronic/ Instant" />
                     <Option name="Electronic/ Programmed Start" />
                  </OptionList>
               </Variable>
               <Variable name="Ballast Start Type" abbr="BalStTyp" phase="1a" scope="gui" variability="parameter">
                  <OptionList>
                     <Option name="Rapid" />
                     <Option name="Instant" />
                     <Option name="Programed Start" />
                  </OptionList>
               </Variable>
               <Variable name="Ballast / System Wattage (per luminaire)" abbr="WattPerLmr" phase="1a" scope="output" unit="W" variability="parameter">
                  <Decimal default="0" />
               </Variable>
               <Variable name="Ballast Factor" abbr="BalFact" phase="1a" scope="output">
                  <Decimal default="0" />
               </Variable>
               <Variable name="Luminaire Dirt Depreciation1" abbr="Ldd1" phase="1a" scope="input" variability="parameter">
                  <Decimal default="0.907" />
               </Variable>
               <Variable name="Luminaire Dirt Depreciation2" abbr="Ldd2" phase="1a" scope="input" variability="parameter">
                  <Decimal default="0.89" />
               </Variable>
               <Variable name="Luminaire Dirt Depreciation3" abbr="Ldd3" phase="1a" scope="input" variability="parameter">
                  <Decimal default="0.877" />
               </Variable>
               <Variable name="Light Loss Factor" abbr="LLF" phase="1a" scope="equation" variability="parameter">
                  <Decimal default="0.0" />
               </Variable>
               <Variable name="Total Lumens" abbr="TotLum" phase="1a" scope="equation" variability="parameter">
                  <Decimal default="0.0" />
               </Variable>
               <Variable name="Luminaires required" abbr="LumReq" phase="1a" scope="equation" variability="parameter">
                  <Decimal default="0.0" />
               </Variable>
               <Variable name="Luminaire Spacing" abbr="LumSp" phase="1a" scope="input" variability="parameter">
                  <OptionList>
                     <Option name="8 x 8" />
                     <Option name="8 x 10" default="true" />
                     <Option name="10 x 10" />
                  </OptionList>
               </Variable>
               <Variable name="Total Watts per meter sq" abbr="WattPerM2" phase="1a" scope="output" variability="continuous" unit="W/m^2">
                  <Decimal default="0.0" />
               </Variable>
            </Category>
         </SubSystem>
         <SubSystem name="Wall Lighting" abbr="Wl" />
         <SubSystem name="Furniture Mounted" abbr="Fm" />
         <SubSystem name="Desk Lights" abbr="Dsk" />
         <SubSystem name="Controls" abbr="Ctr">
            <Category name="Manual" abbr="Man">
               <Variable name="Manual Control" abbr="OnOff" phase="1a" scope="gui" variability="parameter">
                  <OptionList>
                     <Option name="On" />
                     <Option name="Off" default="true" />
                  </OptionList>
               </Variable>
            </Category>
            <Category name="Automatic" abbr="Aut">
               <Variable name="Clock Timer" abbr="Clc" phase="1a" scope="input" variability="parameter">
                  <OptionList>
                     <Option name="On" />
                     <Option name="Off" default="true" />
                  </OptionList>
               </Variable>
            </Category>
         </SubSystem>
      </System>
      <System name="Daylighting" abbr="Dl">
         <SubSystem name="Ltg Controls" abbr="LtgC">
            <Category name="NONE" abbr="">
               <Variable name="Include daily profile" abbr="DayPrf" phase="1a" scope="input" variability="continuous">
                  <Boolean default="false" />
               </Variable>
               <Variable name="Include time out and high and low set levels" abbr="HiLoSet" phase="1a" scope="input" variability="continuous">
                  <Boolean default="false" />
               </Variable>
               <Variable name="Include fenestration and sensor placement" abbr="FenSens" phase="1a" scope="input" variability="continuous">
                  <Boolean default="false" />
               </Variable>
            </Category>
         </SubSystem>
         <SubSystem name="Form / Orientation" abbr="FrmOr">
            <Category name="Bldg Aspect Ratio" abbr="AspRat">
               <Variable name="Bldg Aspect Ratio" abbr="AspRat" phase="1a" scope="input" variability="continuous">
                  <OptionList>
                     <Option name="Option 1" />
                     <Option name="Option 2" />
                     <Option name="Option 3" />
                  </OptionList>
               </Variable>
               <Variable name="Sidelighitng - N/S" abbr="SidNS" phase="1a" scope="input" variability="continuous">
                  <OptionList>
                     <Option name="Option 1" />
                     <Option name="Option 2" />
                     <Option name="Option 3" />
                  </OptionList>
               </Variable>
               <Variable name="Sidelighitng - E/w" abbr="SidEW" phase="1a" scope="input" variability="continuous">
                  <OptionList>
                     <Option name="Option 1" />
                     <Option name="Option 2" />
                     <Option name="Option 3" />
                  </OptionList>
               </Variable>
               <Variable name="Toplighting - Core" abbr="TopC" phase="1a" scope="input" variability="continuous">
                  <OptionList>
                     <Option name="Option 1" />
                     <Option name="Option 2" />
                     <Option name="Option 3" />
                  </OptionList>
               </Variable>
            </Category>
            <Category name="Site &amp; Obstructions" abbr="SitOb">
               <Variable name="Nearby Bldgs" abbr="NeaBld" phase="1a" scope="input" variability="continuous">
                  <OptionList>
                     <Option name="Option 1" />
                     <Option name="Option 2" />
                     <Option name="Option 3" />
                  </OptionList>
               </Variable>
               <Variable name="Neighborhood" abbr="Neigh" phase="1a" scope="input" variability="continuous">
                  <OptionList>
                     <Option name="Option 1" />
                     <Option name="Option 2" />
                     <Option name="Option 3" />
                  </OptionList>
               </Variable>
               <Variable name="Other obstructions" abbr="Other" phase="1a" scope="input" variability="continuous">
                  <OptionList>
                     <Option name="Option 1" />
                     <Option name="Option 2" />
                     <Option name="Option 3" />
                  </OptionList>
               </Variable>
            </Category>
         </SubSystem>
         <SubSystem name="Apertures" abbr="Aper">
            <Category name="Sidelighting" abbr="SidLit">
               <Variable name="Vision Glass - N/S" abbr="VisNS" phase="1a" scope="input" variability="continuous">
                  <OptionList>
                     <Option name="Option 1" />
                     <Option name="Option 2" />
                     <Option name="Option 3" />
                  </OptionList>
               </Variable>
               <Variable name="Vision Glass - E/W" abbr="VisEw" phase="1a" scope="input" variability="continuous">
                  <OptionList>
                     <Option name="Option 1" />
                     <Option name="Option 2" />
                     <Option name="Option 3" />
                  </OptionList>
               </Variable>
               <Variable name="Daylighting Glass - N/S" abbr="DayNS" phase="1a" scope="input" variability="continuous">
                  <OptionList>
                     <Option name="Option 1" />
                     <Option name="Option 2" />
                     <Option name="Option 3" />
                  </OptionList>
               </Variable>
               <Variable name="Daylighting Glass - E/W" abbr="DayEw" phase="1a" scope="input" variability="continuous">
                  <OptionList>
                     <Option name="Option 1" />
                     <Option name="Option 2" />
                     <Option name="Option 3" />
                  </OptionList>
               </Variable>
            </Category>
            <Category name="Toplighting" abbr="TopLit">
               <Variable name="Skylights" abbr="SkyLit" phase="1a" scope="input" variability="continuous">
                  <OptionList>
                     <Option name="Option 1" />
                     <Option name="Option 2" />
                     <Option name="Option 3" />
                  </OptionList>
               </Variable>
               <Variable name="Monitors, facing N" abbr="MonN" phase="1a" scope="input" variability="continuous">
                  <OptionList>
                     <Option name="Option 1" />
                     <Option name="Option 2" />
                     <Option name="Option 3" />
                  </OptionList>
               </Variable>
            </Category>
         </SubSystem>
         <SubSystem name="Interior Surfaces" abbr="IntSrf">
            <Category name="NONE" abbr="">
               <Variable name="Ceiling" abbr="Ceil" phase="1a" scope="input" variability="continuous">
                  <OptionList>
                     <Option name="0.7" />
                     <Option name="0.8" />
                     <Option name="0.9" />
                  </OptionList>
               </Variable>
               <Variable name="Walls" abbr="Walls" phase="1a" scope="input" variability="continuous">
                  <OptionList>
                     <Option name="0.4" />
                     <Option name="0.6" />
                     <Option name="0.8" />
                  </OptionList>
               </Variable>
               <Variable name="Parititions, perp to windows" abbr="PartPerp" phase="1a" scope="input" variability="continuous">
                  <OptionList>
                     <Option name="0.3" />
                     <Option name="0.5" />
                     <Option name="0.7" />
                  </OptionList>
               </Variable>
               <Variable name="Paritition, Parallel to Windows" abbr="PartPar" phase="1a" scope="input" variability="continuous">
                  <OptionList>
                     <Option name="0.3" />
                     <Option name="0.5" />
                     <Option name="0.7" />
                  </OptionList>
               </Variable>
               <Variable name="Desktop" abbr="Desk" phase="1a" scope="input" variability="continuous">
                  <OptionList>
                     <Option name="0.2" />
                     <Option name="0.4" />
                     <Option name="0.6" />
                  </OptionList>
               </Variable>
               <Variable name="Floors" abbr="Flr" phase="1a" scope="input" variability="continuous">
                  <OptionList>
                     <Option name="0.1" />
                     <Option name="0.2" />
                  </OptionList>
               </Variable>
               <Variable name="Paritition Height, Perp to Windows" abbr="PartHPerp" phase="1a" scope="input" variability="continuous">
                  <OptionList>
                     <Option name="30" />
                     <Option name="42" />
                     <Option name="54" />
                     <Option name="66" />
                  </OptionList>
               </Variable>
               <Variable name="Paritition Height, Parallel to Windows" abbr="PartHPara" phase="1a" scope="input" variability="continuous">
                  <OptionList>
                     <Option name="30" />
                     <Option name="42" />
                     <Option name="54" />
                     <Option name="66" />
                  </OptionList>
               </Variable>
            </Category>
         </SubSystem>
         <SubSystem name="Furniture" abbr="Furniture">
            <Category name="NONE" abbr="">
               <Variable name="Orientation of person" abbr="OrP" phase="1a" scope="input" variability="continuous">
                  <OptionList>
                     <Option name="toward window" />
                     <Option name="away from window" />
                     <Option name="parallel to window" />
                  </OptionList>
               </Variable>
            </Category>
         </SubSystem>
      </System>
      <System name="Enclosure" abbr="En">
         <SubSystem name="Fenestration" abbr="Fen">
            <Category name="Window" abbr="Win">
               <Variable name="Window System Type" abbr="SysTyp" scope="gui" variability="parameter" phase="1a">
                  <OptionList>
                     <Option name="Window Wall System" default="true" />
                     <Option name="Punched Windows" disabled="true" />
                     <Option name="Curtain Wall System" disabled="true" />
                  </OptionList>
               </Variable>
               <Variable name="Window Orientation" abbr="Or" scope="gui" variability="parameter" phase="1a">
                  <OptionList>
                     <Option name="North" default="true" />
                     <Option name="East" />
                     <Option name="South" />
                     <Option name="West" />
                  </OptionList>
               </Variable>
               <Variable name="Frame Type" abbr="FrTyp" scope="gui" variability="parameter" phase="1a">
                  <OptionList>
                     <Option name="Aluminum" default="true" />
                     <Option name="Vinyl" />
                     <Option name="Wood" />
                  </OptionList>
               </Variable>
               <Variable name="Frame thermal breaks" abbr="FrThBrk" scope="gui" variability="parameter" phase="1a">
                  <OptionList>
                     <Option name="0" default="true" />
                     <Option name="0.5" />
                     <Option name="1" />
                  </OptionList>
               </Variable>

               <Variable name="Zone 1 (N) vision window height" abbr="ZN1VisH" scope="input" variability="continuous" phase="1a" unit="m">
                  <Decimal min="0" max="100" default="1" />
               </Variable>
               <Variable name="Zone 1 (N) vision window width" abbr="ZN1VisW" scope="input" variability="continuous" phase="1a" unit="m">
                  <Decimal min="0" max="100" default="1" />
               </Variable>
               <Variable name="Zone 2 (N) vision window height" abbr="ZN2VisH" scope="input" variability="continuous" phase="1a" unit="m">
                  <Decimal min="0" max="100" default="1" />
               </Variable>
               <Variable name="Zone 2 (N) vision window width" abbr="ZN2VisW" scope="input" variability="continuous" phase="1a" unit="m">
                  <Decimal min="0" max="100" default="1" />
               </Variable>
               <Variable name="Zone 3 (N) vision window height" abbr="ZN3VisH" scope="input" variability="continuous" phase="1a" unit="m">
                  <Decimal min="0" max="100" default="1" />
               </Variable>
               <Variable name="Zone 3 (N) vision window width" abbr="ZN3VisW" scope="input" variability="continuous" phase="1a" unit="m">
                  <Decimal min="0" max="100" default="1" />
               </Variable>
               <Variable name="Zone 4 (N) vision window height" abbr="ZN4VisH" scope="input" variability="continuous" phase="1a" unit="m">
                  <Decimal min="0" max="100" default="1" />
               </Variable>
               <Variable name="Zone 4 (N) vision window width" abbr="ZN4VisW" scope="input" variability="continuous" phase="1a" unit="m">
                  <Decimal min="0" max="100" default="1" />
               </Variable>
               <Variable name="Zone 5 (N) vision window height" abbr="ZN5VisH" scope="input" variability="continuous" phase="1a" unit="m">
                  <Decimal min="0" max="100" default="1" />
               </Variable>
               <Variable name="Zone 5 (N) vision window width" abbr="ZN5VisW" scope="input" variability="continuous" phase="1a" unit="m">
                  <Decimal min="0" max="100" default="1" />
               </Variable>
               <Variable name="Zone 6 (N) vision window height" abbr="ZN6VisH" scope="input" variability="continuous" phase="1a" unit="m">
                  <Decimal min="0" max="100" default="1" />
               </Variable>
               <Variable name="Zone 6 (N) vision window width" abbr="ZN6VisW" scope="input" variability="continuous" phase="1a" unit="m">
                  <Decimal min="0" max="100" default="1" />
               </Variable>
               <Variable name="Zone 7 (N) vision window height" abbr="ZN7VisH" scope="input" variability="continuous" phase="1a" unit="m">
                  <Decimal min="0" max="100" default="1" />
               </Variable>
               <Variable name="Zone 7 (N) vision window width" abbr="ZN7VisW" scope="input" variability="continuous" phase="1a" unit="m">
                  <Decimal min="0" max="100" default="1" />
               </Variable>
               <Variable name="Zone 8 (N) vision window height" abbr="ZN8VisH" scope="input" variability="continuous" phase="1a" unit="m">
                  <Decimal min="0" max="100" default="1" />
               </Variable>
               <Variable name="Zone 8 (N) vision window width" abbr="ZN8VisW" scope="input" variability="continuous" phase="1a" unit="m">
                  <Decimal min="0" max="100" default="1" />
               </Variable>
            </Category>
            <Category name="Glazing" abbr="Gl">
               <Variable name="Number of Panes" abbr="NumPn" scope="gui" variability="parameter" phase="1a">
                  <OptionList>
                     <Option name="Single" disabled="true" />
                     <Option name="Double" default="true" />
                     <Option name="Triple" disabled="true" />
                     <Option name="Quad" disabled="true" />
                  </OptionList>
               </Variable>
               <Variable name="Coatings" abbr="Coat" scope="gui" variability="parameter" phase="1a">
                  <OptionList>
                     <Option name="Clear" />
                     <Option name="Tinted" />
                     <Option name="Reflected" />
                     <Option name="Low-e" default="true" />
                  </OptionList>
               </Variable>
               <Variable name="Visible Transmittance" abbr="Vis" scope="input" variability="parameter" phase="1a">
                  <OptionList>
                     <Option name="0.25" disabled="true" />
                     <Option name="0.4" default="true" />
                     <Option name="0.6" disabled="true" />
                     <Option name="0.7" disabled="true" />
                  </OptionList>
               </Variable>
               <Variable name="U-Value" abbr="UVal" scope="input" variability="parameter" phase="1a">
                  <OptionList>
                     <Option name="Center" disabled="true" />
                     <Option name="Edge" disabled="true" />
                     <Option name="Frame" disabled="true" />
                     <Option name="Assembly" default="true" />
                  </OptionList>
               </Variable>
            </Category>
            <Category name="Venetian Blinds" abbr="Vb">
               <Variable name="Interior" abbr="Int" scope="gui" variability="parameter" phase="1a">
                  <OptionList>
                     <Option name="None" disabled="true" />
                     <Option name="Slates open (horizontal)" disabled="true" />
                     <Option name="45 degree angle" disabled="true" />
                     <Option name="Closed (vertical)" default="true" />
                  </OptionList>
               </Variable>
            </Category>
         </SubSystem>
         <SubSystem name="Opaque Wall" abbr="Ow">
            <Category name="Light Gauge Steel Framing" abbr="StlF">
               <Variable name="Stud Depth &amp; Spacing" abbr="Stud" scope="gui" variability="parameter" phase="1a">
                  <OptionList>
                     <Option name="2x4-16 &quot; oc" default="true" />
                     <Option name="2x4-24 &quot; oc" disabled="true" />
                     <Option name="2x6-16 &quot; oc" disabled="true" />
                     <Option name="2x6-24 &quot; oc" disabled="true" />
                  </OptionList>
               </Variable>
               <Variable name="Interior or Cavity Insulation Type" abbr="CavInsTyp" scope="gui" variability="parameter" phase="1a">
                  <OptionList>
                     <Option name="Batt" default="true" />
                     <Option name="Cellulose" disabled="true" />
                     <Option name="0.5lb cuft Closed Cell Spray Foam" disabled="true" />
                     <Option name="2.0lb cuft Closed Cell Spray Foam" disabled="true" />
                  </OptionList>
               </Variable>
               <Variable name="Interior or Cavity Insulation R-Value" abbr="CavInsR" scope="input" variability="parameter" phase="1a">
                  <description>[Product of Insulation type and Insulation Thickness]</description>
                  <Decimal />
               </Variable>
               <Variable name="Exterior Continuous or Cavity Insulation Type" abbr="ExtInsTyp" scope="gui" variability="parameter" phase="1a">
                  <OptionList>
                     <Option name="Expanded Polystyrene(EPS)" disabled="true" />
                     <Option name="Extruded Polystyrene (XPS)" disabled="true" />
                     <Option name="Poly Isocyanurate Foam (ISO)" disabled="true" />
                  </OptionList>
               </Variable>
               <Variable name="Exterior Continuous or Cavity Insulation Thickness" abbr="ExtInsThk" scope="gui" variability="parameter" phase="1a">
                  <OptionList>
                     <Option name="0.5" disabled="true" />
                     <Option name="2" disabled="true" />
                     <Option name="4" disabled="true" />
                     <Option name="6" disabled="true" />
                  </OptionList>
               </Variable>
               <Variable name="Exterior Continuous or Cavity Insulation R-Value" abbr="ExtInsR" scope="input" variability="parameter" phase="1a">
                  <description>[Vary by type and thickness]</description>
                  <Decimal />
               </Variable>
            </Category>
         </SubSystem>
         <SubSystem name="Roof" abbr="Rf" />
         <SubSystem name="Intersections" abbr="Int">
            <Category name="Infiltration" abbr="Inf">
               <Variable name="Infiltration at zone 1" abbr="ZN1Lvl" scope="gui" variability="parameter" phase="1a">
                  <OptionList>
                     <Option name="loose" disabled="true" />
                     <Option name="traditional" default="true" />
                     <Option name="basic barrier" />
                     <Option name="adv barrier" disabled="true" />
                  </OptionList>
               </Variable>
               <Variable name="Infiltration at zone 2" abbr="ZN2Lvl" scope="gui" variability="parameter" phase="1a">
                  <OptionList>
                     <Option name="loose" disabled="true" />
                     <Option name="traditional" default="true" />
                     <Option name="basic barrier" />
                     <Option name="adv barrier" disabled="true" />
                  </OptionList>
               </Variable>
               <Variable name="Infiltration at zone 3" abbr="ZN3Lvl" scope="gui" variability="parameter" phase="1a">
                  <OptionList>
                     <Option name="loose" disabled="true" />
                     <Option name="traditional" default="true" />
                     <Option name="basic barrier" />
                     <Option name="adv barrier" disabled="true" />
                  </OptionList>
               </Variable>
               <Variable name="Infiltration at zone 4" abbr="ZN4Lvl" scope="gui" variability="parameter" phase="1a">
                  <OptionList>
                     <Option name="loose" disabled="true" />
                     <Option name="traditional" default="true" />
                     <Option name="basic barrier" />
                     <Option name="adv barrier" disabled="true" />
                  </OptionList>
               </Variable>
               <Variable name="Infiltration at zone 5" abbr="ZN5Lvl" scope="gui" variability="parameter" phase="1a">
                  <OptionList>
                     <Option name="loose" disabled="true" />
                     <Option name="traditional" default="true" />
                     <Option name="basic barrier" />
                     <Option name="adv barrier" disabled="true" />
                  </OptionList>
               </Variable>
               <Variable name="Infiltration at zone 6" abbr="ZN6Lvl" scope="gui" variability="parameter" phase="1a">
                  <OptionList>
                     <Option name="loose" disabled="true" />
                     <Option name="traditional" default="true" />
                     <Option name="basic barrier" />
                     <Option name="adv barrier" disabled="true" />
                  </OptionList>
               </Variable>
               <Variable name="Infiltration at zone 7" abbr="ZN7Lvl" scope="gui" variability="parameter" phase="1a">
                  <OptionList>
                     <Option name="loose" disabled="true" />
                     <Option name="traditional" default="true" />
                     <Option name="basic barrier" />
                     <Option name="adv barrier" disabled="true" />
                  </OptionList>
               </Variable>
               <Variable name="Infiltration at zone 8" abbr="ZN8Lvl" scope="gui" variability="parameter" phase="1a">
                  <OptionList>
                     <Option name="loose" disabled="true" />
                     <Option name="traditional" default="true" />
                     <Option name="basic barrier" />
                     <Option name="adv barrier" disabled="true" />
                  </OptionList>
               </Variable>
            </Category>
         </SubSystem>
      </System>
      <System name="HVAC" abbr="Hv">
         <SubSystem name="System" abbr="SYS">
            <Category name="NONE" abbr="">
               <Variable name="Outside air dry bulb" abbr="SYSTAirDB" modName="" scope="input" variability="continuous" unit="K">
                  <Temperature />
               </Variable>
               <Variable name="Outside air relative humidity" abbr="SYSRHOutside" modName="" scope="input" variability="continuous" unit="%">
                  <Decimal min="0" max="100" default="50" />
               </Variable>
               <Variable name="Direct normal (beam) solar radiation" modName="" abbr="SYSSolBea" scope="input" variability="continuous" unit="W/m2">
                  <Temperature />
               </Variable>
               <Variable name="Diffuse solar radiation" abbr="SYSSolDif" modName="" scope="input" variability="continuous" unit="K">
                  <Decimal />
               </Variable>
               <Variable name="Outdoor wind speed" abbr="SYSWinSpd" modName="" scope="input" variability="continuous" unit="m/s" type="Speed">
                  <Decimal min="0" max="33.33" default="1" />
               </Variable>
               <Variable name="Outdoor wind direction" abbr="SYSWinDir" modName="" scope="input" variability="continuous" unit="K">
                  <Temperature />
               </Variable>
               <Variable name="City name" abbr="SYSLoc" modName="" scope="input" variability="parameter" unit="K">
                  <Decimal min="0" max="100" default="90" />
               </Variable>
               <Variable name="Weather input/run period" abbr="SYSWea" modName="" scope="input" variability="parameter" unit="K">
                  <Temperature />
               </Variable>
               <Variable name="HVAC system operation start time" abbr="sysSta" modName="occSch.occupancy[1]" scope="input" variability="parameter" >
                  <Temperature />
               </Variable>
               <Variable name="HVAC system operation stop time" abbr="sysSto" modName="occSch.occupancy[2]" scope="input" variability="parameter">
                  <Temperature />
               </Variable>
               <Variable name="Window to wall ratio" abbr="SYSWWR" modName="" scope="input" variability="parameter" unit="K">
                  <Temperature />
               </Variable>
            </Category>
         </SubSystem>
         <SubSystem name="Zone" abbr="ZN">
            <Category name="NONE" abbr="">
               <Variable name="Zone 1 (North) heating set point" abbr="ZN1SPHeat" modName="u_ZN[1]" scope="input" variability="continuous" unit="K">
                  <Decimal min="283.15" max="313.15" default="291.15" />
               </Variable>
               <Variable name="Zone 1 (North) cooling set point" abbr="ZN1SPCool" modName="u_ZN[2]" scope="input" variability="continuous" unit="K">
                  <Temperature />
               </Variable>
               <Variable name="Zone 1 heating set point night setback" abbr="ZN1SPHeatNight" modName="u_ZN[3]" scope="input" variability="continuous" unit="K">
                  <Temperature />
               </Variable>
               <Variable name="Zone 1 cooling set point night setup" abbr="ZN1SPCoolNight" modName="u_ZN[4]" scope="input" variability="continuous" unit="K">
                  <Temperature />
               </Variable>
               <Variable name="Zone 2 (NorthWest) heating set point" abbr="ZN2SPHeat" modName="u_ZN[5]" scope="input" variability="continuous" unit="K">
                  <Temperature />
               </Variable>
               <Variable name="Zone 2 (NorthWest) cooling set point" abbr="ZN2SPCool" modName="u_ZN[6]" scope="input" variability="continuous" unit="K">
                  <Temperature />
               </Variable>
               <Variable name="Zone 2 (NorthWest) heating set point night setback" abbr="ZN2SPHeatNight" modName="u_ZN[7]" scope="input" variability="continuous" unit="K">
                  <Temperature />
               </Variable>
               <Variable name="Zone 2 (NorthWest) cooling set point night setup" abbr="ZN2SPCoolNight" modName="u_ZN[8]" scope="input" variability="continuous" unit="K">
                  <Temperature />
               </Variable>
               <Variable name="Zone 3 (West) heating set point" abbr="ZN3SPHeat" modName="u_ZN[9]" scope="input" variability="continuous" unit="K">
                  <Temperature />
               </Variable>
               <Variable name="Zone 3 (West) cooling set point" abbr="ZN3SPCool" modName="u_ZN[10]" scope="input" variability="continuous" unit="K">
                  <Temperature />
               </Variable>
               <Variable name="Zone 3 (West) heating set point night setback" abbr="ZN3SPHeatNight" modName="u_ZN[11]" scope="input" variability="continuous" unit="K">
                  <Temperature />
               </Variable>
               <Variable name="Zone 3 (West) cooling set point night setup" abbr="ZN3SPCoolNight" modName="u_ZN[12]" scope="input" variability="continuous" unit="K">
                  <Temperature />
               </Variable>
               <Variable name="Zone 4 (SouthWest) heating set point" abbr="ZN4SPHeat" modName="u_ZN[13]" scope="input" variability="continuous" unit="K">
                  <Temperature />
               </Variable>
               <Variable name="Zone 4 (SouthWest) cooling set point" abbr="ZN4SPCool" modName="u_ZN[14]" scope="input" variability="continuous" unit="K">
                  <Temperature />
               </Variable>
               <Variable name="Zone 4 (SouthWest) heating set point night setback" abbr="ZN4SPHeatNight" modName="u_ZN[15]" scope="input" variability="continuous" unit="K">
                  <Temperature />
               </Variable>
               <Variable name="Zone 4 (SouthWest) cooling set point night setup" abbr="ZN4SPCoolNight" modName="u_ZN[16]" scope="input" variability="continuous" unit="K">
                  <Temperature />
               </Variable>
               <Variable name="Zone 5 (South) heating set point" abbr="ZN5SPHeat" modName="u_ZN[17]" scope="input" variability="continuous" unit="K">
                  <Temperature />
               </Variable>
               <Variable name="Zone 5 (South) cooling set point" abbr="ZN5SPCool" modName="u_ZN[18]" scope="input" variability="continuous" unit="K">
                  <Temperature />
               </Variable>
               <Variable name="Zone 5 (South) heating set point night setback" abbr="ZN5SPHeatNight" modName="u_ZN[19]" scope="input" variability="continuous" unit="K">
                  <Temperature />
               </Variable>
               <Variable name="Zone 5 (South) cooling set point night setup" abbr="ZN5SPCoolNight" modName="u_ZN[20]" scope="input" variability="continuous" unit="K">
                  <Temperature />
               </Variable>
               <Variable name="Zone 6 (SouthEast) heating set point" abbr="ZN6SPHeat" modName="u_ZN[21]" scope="input" variability="continuous" unit="K">
                  <Temperature />
               </Variable>
               <Variable name="Zone 6 (SouthEast) cooling set point" abbr="ZN6SPCool" modName="u_ZN[22]" scope="input" variability="continuous" unit="K">
                  <Temperature />
               </Variable>
               <Variable name="Zone 6 (SouthEast) heating set point night setback" abbr="ZN6SPHeatNight" modName="u_ZN[23]" scope="input" variability="continuous" unit="K">
                  <Temperature />
               </Variable>
               <Variable name="Zone 6 (SouthEast) cooling set point night setup" abbr="ZN6SPCoolNight" modName="u_ZN[24]" scope="input" variability="continuous" unit="K">
                  <Temperature />
               </Variable>
               <Variable name="Zone 7 (East) heating set point" abbr="ZN7SPHeat" modName="u_ZN[25]" scope="input" variability="continuous" unit="K">
                  <Temperature />
               </Variable>
               <Variable name="Zone 7 (East) cooling set point" abbr="ZN7SPCool" modName="u_ZN[26]" scope="input" variability="continuous" unit="K">
                  <Temperature />
               </Variable>
               <Variable name="Zone 7 (East) heating set point night setback" abbr="ZN7SPHeatNight" modName="u_ZN[27]" scope="input" variability="continuous" unit="K">
                  <Temperature />
               </Variable>
               <Variable name="Zone 7 (East) cooling set point night setup" abbr="ZN7SPCoolNight" modName="u_ZN[28]" scope="input" variability="continuous" unit="K">
                  <Temperature />
               </Variable>
               <Variable name="Zone 8 (NorthEast) heating set point" abbr="ZN8SPHeat" modName="u_ZN[29]" scope="input" variability="continuous" unit="K">
                  <Temperature />
               </Variable>
               <Variable name="Zone 8 (NorthEast) cooling set point" abbr="ZN8SPCool" modName="u_ZN[30]" scope="input" variability="continuous" unit="K">
                  <Temperature />
               </Variable>
               <Variable name="Zone 8 (NorthEast) heating set point night setback" abbr="ZN8SPHeatNight" modName="u_ZN[31]" scope="input" variability="continuous" unit="K">
                  <Temperature />
               </Variable>
               <Variable name="Zone 8 (NorthEast) cooling set point night setup" abbr="ZN8SPCoolNight" modName="u_ZN[32]" scope="input" variability="continuous" unit="K">
                  <Temperature />
               </Variable>
               <Variable name="Zone 9 (Core) heating set point" abbr="ZN9SPHeat" modName="u_ZN[33]" scope="input" variability="continuous" unit="K">
                  <Temperature />
               </Variable>
               <Variable name="Zone 9 (Core) cooling set point" abbr="ZN9SPCool" modName="u_ZN[34]" scope="input" variability="continuous" unit="K">
                  <Temperature />
               </Variable>
               <Variable name="Zone 9 (Core) heating set point night setback" abbr="ZN9SPHeatNight" modName="u_ZN[35]" scope="input" variability="continuous" unit="K">
                  <Temperature />
               </Variable>
               <Variable name="Zone 9 (Core) cooling set point night setup" abbr="ZN9SPCoolNight" modName="u_ZN[36]" scope="input" variability="continuous" unit="K">
                  <Temperature />
               </Variable>
               <Variable name="zone tightness" abbr="ZNTig" modName="" scope="input" variability="parameter" unit="K">
                  <Temperature />
               </Variable>
               <Variable name="external wall construction" abbr="ZNExtWal" modName="" scope="input" variability="parameter" unit="K">
                  <Temperature />
               </Variable>
               <Variable name="external glazing system" abbr="ZNExtWin" modName="" scope="input" variability="parameter" unit="K">
                  <Temperature />
               </Variable>
               <Variable name="Zone maximum lighting power density" abbr="ZNLightPD" modName="" scope="input" variability="parameter" unit="K">
                  <Temperature />
               </Variable>
               <Variable name="Zone maximum people density " abbr="ZNPeop" modName="" scope="input" variability="parameter" unit="K">
                  <Temperature />
               </Variable>
               <Variable name="Zone maximum electric equipment power density" abbr="ZNElecEqui" modName="" scope="input" variability="parameter" unit="K">
                  <Temperature />
               </Variable>
               <Variable name="Zone lighting schedule" abbr="ZNLightPDSchd" modName="" scope="input" variability="parameter" unit="K">
                  <Temperature />
               </Variable>
               <Variable name="Zone occupancy schedule" abbr="ZNPeopSchd" modName="" scope="input" variability="parameter" unit="K">
                  <Temperature />
               </Variable>
               <Variable name="Zone electric equipment usage schedule" abbr="ZNElecEquiSchd" modName="" scope="input" variability="parameter" unit="K">
                  <Temperature />
               </Variable>
            </Category>
         </SubSystem>
         <SubSystem name="Air Handling Unit" abbr="AHU">
            <Category name="NONE" abbr="">
               <Variable name="Supply air temp reset high limit" abbr="AHUTSupRstHLM" modName="" scope="input" variability="continuous" unit="K">
                  <Temperature />
               </Variable>
               <Variable name="Supply air temp reset low limit" abbr="AHUTSupRstLLM" modName="" scope="input" variability="continuous" unit="K">
                  <Temperature />
               </Variable>
               <Variable name="Supply air temp set point" abbr="AHUTSupSP" modName="u_AHU[1]" scope="input" variability="continuous" unit="K">
                  <Temperature />
               </Variable>
               <Variable name="Duct static pressure reset override" abbr="AHUPresRstOve" modName="u_AHU[2]" scope="input" variability="continuous" unit="ratio">
                  <Decimal min="0" max="1" default="1" />
               </Variable>
               <Variable name="Supply duct static pressure set point" abbr="AHUPresSP" modName="u_AHU[3]" scope="input" variability="continuous" unit="Pa">
                  <Decimal min="50" max="1000" default="300" />
               </Variable>
               <Variable name="Duct static pressure reset high limit" abbr="AHUPresRstHLM" modName="u_AHU[4]" scope="input" variability="continuous" unit="Pa">
                  <Decimal min="50" max="2000" default="410" />
               </Variable>
               <Variable name="Duct static pressure reset low limit" abbr="AHUPressRstLLM" modName="u_AHU[5]" scope="input" variability="continuous" unit="Pa">
                  <Decimal min="10" max="500" default="50" />
               </Variable>
               <Variable name="Supply air temp set point reset strategy" abbr="AHUTSupRstStr" modName="" scope="input" variability="parameter" unit="K">
                  <Temperature />
               </Variable>
               <Variable name="Duct static pressure reset strategy" abbr="AHUPressRstStr" modName="" scope="input" variability="parameter" unit="K">
                  <Temperature />
               </Variable>
            </Category>
         </SubSystem>
         <SubSystem name="Mixing Box" abbr="MX">
            <Category name="NONE" abbr="">
               <Variable name="Minimum outside air damper position" abbr="MXDmprMin" modName="u_MX[1]" scope="input" variability="continuous" unit="%">
                  <Decimal min="0" max="10" default="0.1" />
               </Variable>
               `
               <Variable name="Economizer PI controller P gain" abbr="MXKp" modName="u_MX[2]" scope="input" variability="continuous" unit="number">
                  <Decimal min="0.1" max="2" default="1" />
               </Variable>
               <Variable name="Economizer PI controller integrator time constant" abbr="MXKi" modName="u_MX[3]" scope="input" variability="continuous" unit="second">
                  <Decimal min="10" max="120" default="60" />
               </Variable>
            </Category>
         </SubSystem>
         <SubSystem name="Fan" abbr="FAN">
            <Category name="NONE" abbr="">
               <Variable name="Supply fan speed controller P gain" abbr="SFANKp" modName="u_FAN[2]" scope="input" variability="continuous" unit="K">
                  <Temperature />
               </Variable>
               <Variable name="Supply fan speed controller integrator time constant" abbr="SFANki" modName="u_FAN[1]" scope="input" variability="continuous" unit="second">
                  <Decimal min="1" max="100" default="60" />
               </Variable>
               <Variable name="Return fan speed controller P gain" abbr="RFANKp" modName="u_FAN[4]" scope="input" variability="continuous" unit="K">
                  <Temperature />
               </Variable>
               <Variable name="Return fan speed controller integrator time constant" abbr="RFANki" modName="u_FAN[3]" scope="input" variability="continuous" unit="second">
                  <Decimal min="1" max="100" default="60" />
               </Variable>
            </Category>
         </SubSystem>
         <SubSystem name="Heating and Cooling Coil" abbr="CO">
            <Category name="NONE" abbr="">
               <Variable name="Heating coil valve controller P gain" abbr="HCKp" modName="u_CO[2]" scope="input" variability="continuous" unit="K">
                  <Temperature />
               </Variable>
               <Variable name="Heating coil valve controller integrator time constant" abbr="HCKi" modName="u_CO[1]" scope="input" variability="continuous" unit="K">
                  <Temperature />
               </Variable>
               <Variable name="Cooling coil valve controller P gain" abbr="CCKp" modName="u_CO[4]" scope="input" variability="continuous" unit="K">
                  <Temperature />
               </Variable>
               <Variable name="Cooling coil valve controller integrator time constant" abbr="CCKi" modName="u_CO[3]" scope="input" variability="continuous" unit="K">
                  <Temperature />
               </Variable>
               <Variable name="Heating coil hot water design flow rate" abbr="HCWatFloNom" modName="heaCoi.m2_flow_nominal" scope="input" variability="parameter" unit="K">
                  <Temperature />
               </Variable>
               <Variable name="Heating coil design heating capacity" abbr="HCHeaCapNom" modName="heaCoi.Q_flow_nominal" scope="input" variability="parameter" unit="K">
                  <Temperature />
               </Variable>
               <Variable name="heating coil design air flow rate" abbr="HCAirFloNom" modName="heaCoi.m1_flow_nominal" scope="input" variability="parameter" unit="K">
                  <Temperature />
               </Variable>
               <Variable name="heating coil design air side pressure drop" abbr="HCPDd" modName="" scope="input" variability="parameter" unit="K">
                  <Temperature />
               </Variable>
            </Category>
         </SubSystem>
         <SubSystem name="VAV box" abbr="VAV">
            <Category name="NONE" abbr="">
               <Variable name="Zone 1 VAV damper controller P gain" abbr="VAV1DmprKp" modName="u_VAV[1]" scope="input" variability="continuous" unit="K">
                  <Temperature />
               </Variable>
               <Variable name="Zone 1 VAV damper controller integrator time constant" abbr="VAV1DmprKi" modName="u_VAV[2]" scope="input" variability="continuous" unit="K">
                  <Temperature />
               </Variable>
               <Variable name="Zone 1 VAV min volume flow rate ratio" abbr="VAV1MinFlwRatio" modName="u_VAV[3]" scope="input" variability="continuous" unit="K">
                  <Temperature />
               </Variable>
               <Variable name="Zone 1 VAV reheat coil controller P gain" abbr="VAV1RhcKp" modName="u_VAV[4]" scope="input" variability="continuous" unit="K">
                  <Temperature />
               </Variable>
               <Variable name="Zone 1 VAV reheat coil controller integrator time constant" abbr="VAV1RhcKi" modName="u_VAV[5]" scope="input" variability="continuous" unit="K">
                  <Temperature />
               </Variable>
               <Variable name="Zone 2 VAV damper controller P gain" abbr="VAV2DmprKp" modName="u_VAV[6]" scope="input" variability="continuous" unit="K">
                  <Temperature />
               </Variable>
               <Variable name="Zone 2 VAV damper controller integrator time constant" abbr="VAV2DmprKi" modName="u_VAV[7]" scope="input" variability="continuous" unit="K">
                  <Temperature />
               </Variable>
               <Variable name="Zone 2 VAV min volume flow rate ratio" abbr="VAV2MinFlwRatio" modName="u_VAV[8]" scope="input" variability="continuous" unit="K">
                  <Temperature />
               </Variable>
               <Variable name="Zone 2 VAV reheat coil controller P gain" abbr="VAV2RhcKp" modName="u_VAV[9]" scope="input" variability="continuous" unit="K">
                  <Temperature />
               </Variable>
               <Variable name="Zone 2 VAV reheat coil controller integrator time constant" abbr="VAV2RhcKi" modName="u_VAV[10]" scope="input" variability="continuous" unit="K">
                  <Temperature />
               </Variable>
               <Variable name="Zone 3 VAV damper controller P gain" abbr="VAV3DmprKp" modName="u_VAV[11]" scope="input" variability="continuous" unit="K">
                  <Temperature />
               </Variable>
               <Variable name="Zone 3 VAV damper controller integrator time constant" abbr="VAV3DmprKi" modName="u_VAV[12]" scope="input" variability="continuous" unit="K">
                  <Temperature />
               </Variable>
               <Variable name="Zone 3 VAV min volume flow rate ratio" abbr="VAV3MinFlwRatio" modName="u_VAV[13]" scope="input" variability="continuous" unit="K">
                  <Temperature />
               </Variable>
               <Variable name="Zone 3 VAV reheat coil controller P gain" abbr="VAV3RhcKp" modName="u_VAV[14]" scope="input" variability="continuous" unit="K">
                  <Temperature />
               </Variable>
               <Variable name="Zone 3 VAV reheat coil controller integrator time constant" abbr="VAV3RhcKi" modName="u_VAV[15]" scope="input" variability="continuous" unit="K">
                  <Temperature />
               </Variable>
               <Variable name="Zone 4 VAV damper controller P gain" abbr="VAV4DmprKp" modName="u_VAV[16]" scope="input" variability="continuous" unit="K">
                  <Temperature />
               </Variable>
               <Variable name="Zone 4 VAV damper controller integrator time constant" abbr="VAV4DmprKi" modName="u_VAV[17]" scope="input" variability="continuous" unit="K">
                  <Temperature />
               </Variable>
               <Variable name="Zone 4 VAV min volume flow rate ratio" abbr="VAV4MinFlwRatio" modName="u_VAV[18]" scope="input" variability="continuous" unit="K">
                  <Temperature />
               </Variable>
               <Variable name="Zone 4 VAV reheat coil controller P gain" abbr="VAV4RhcKp" modName="u_VAV[19]" scope="input" variability="continuous" unit="K">
                  <Temperature />
               </Variable>
               <Variable name="Zone 4 VAV reheat coil controller integrator time constant" abbr="VAV4RhcKi" modName="u_VAV[20]" scope="input" variability="continuous" unit="K">
                  <Temperature />
               </Variable>
               <Variable name="Zone 5 VAV damper controller P gain" abbr="VAV5DmprKp" modName="u_VAV[21]" scope="input" variability="continuous" unit="K">
                  <Temperature />
               </Variable>
               <Variable name="Zone 5 VAV damper controller integrator time constant" abbr="VAV5DmprKi" modName="u_VAV[22]" scope="input" variability="continuous" unit="K">
                  <Temperature />
               </Variable>
               <Variable name="Zone 5 VAV min volume flow rate ratio" abbr="VAV5MinFlwRatio" modName="u_VAV[23]" scope="input" variability="continuous" unit="K">
                  <Temperature />
               </Variable>
               <Variable name="Zone 5 VAV reheat coil controller P gain" abbr="VAV5RhcKp" modName="u_VAV[24]" scope="input" variability="continuous" unit="K">
                  <Temperature />
               </Variable>
               <Variable name="Zone 5 VAV reheat coil controller integrator time constant" abbr="VAV5RhcKi" modName="u_VAV[25]" scope="input" variability="continuous" unit="K">
                  <Temperature />
               </Variable>
               <Variable name="Zone 6 VAV damper controller P gain" abbr="VAV6DmprKp" modName="u_VAV[26]" scope="input" variability="continuous" unit="K">
                  <Temperature />
               </Variable>
               <Variable name="Zone 6 VAV damper controller integrator time constant" abbr="VAV6DmprKi" modName="u_VAV[27]" scope="input" variability="continuous" unit="K">
                  <Temperature />
               </Variable>
               <Variable name="Zone 6 VAV min volume flow rate ratio" abbr="VAV6MinFlwRatio" modName="u_VAV[28]" scope="input" variability="continuous" unit="K">
                  <Temperature />
               </Variable>
               <Variable name="Zone 6 VAV reheat coil controller P gain" abbr="VAV6RhcKp" modName="u_VAV[29]" scope="input" variability="continuous" unit="K">
                  <Temperature />
               </Variable>
               <Variable name="Zone 6 VAV reheat coil controller integrator time constant" abbr="VAV6RhcKi" modName="u_VAV[30]" scope="input" variability="continuous" unit="K">
                  <Temperature />
               </Variable>
               <Variable name="Zone 7 VAV damper controller P gain" abbr="VAV7DmprKp" modName="u_VAV[31]" scope="input" variability="continuous" unit="K">
                  <Temperature />
               </Variable>
               <Variable name="Zone 7 VAV damper controller integrator time constant" abbr="VAV7DmprKi" modName="u_VAV[32]" scope="input" variability="continuous" unit="K">
                  <Temperature />
               </Variable>
               <Variable name="Zone 7 VAV min volume flow rate ratio" abbr="VAV7MinFlwRatio" modName="u_VAV[33]" scope="input" variability="continuous" unit="K">
                  <Temperature />
               </Variable>
               <Variable name="Zone 7 VAV reheat coil controller P gain" abbr="VAV7RhcKp" modName="u_VAV[34]" scope="input" variability="continuous" unit="K">
                  <Temperature />
               </Variable>
               <Variable name="Zone 7 VAV reheat coil controller integrator time constant" abbr="VAV7RhcKi" modName="u_VAV[35]" scope="input" variability="continuous" unit="K">
                  <Temperature />
               </Variable>
               <Variable name="Zone 8 VAV damper controller P gain" abbr="VAV8DmprKp" modName="u_VAV[36]" scope="input" variability="continuous" unit="K">
                  <Temperature />
               </Variable>
               <Variable name="Zone 8 VAV damper controller integrator time constant" abbr="VAV8DmprKi" modName="u_VAV[37]" scope="input" variability="continuous" unit="K">
                  <Temperature />
               </Variable>
               <Variable name="Zone 8 VAV min volume flow rate ratio" abbr="VAV8MinFlwRatio" modName="u_VAV[38]" scope="input" variability="continuous" unit="K">
                  <Temperature />
               </Variable>
               <Variable name="Zone 8 VAV reheat coil controller P gain" abbr="VAV8RhcKp" modName="u_VAV[39]" scope="input" variability="continuous" unit="K">
                  <Temperature />
               </Variable>
               <Variable name="Zone 8 VAV reheat coil controller integrator time constant" abbr="VAV8RhcKi" modName="u_VAV[40]" scope="input" variability="continuous" unit="K">
                  <Temperature />
               </Variable>
               <Variable name="Zone 9 VAV damper controller P gain" abbr="VAV9DmprKp" modName="u_VAV[41]" scope="input" variability="continuous" unit="K">
                  <Temperature />
               </Variable>
               <Variable name="Zone 9 VAV damper controller integrator time constant" abbr="VAV9DmprKi" modName="u_VAV[42]" scope="input" variability="continuous" unit="K">
                  <Temperature />
               </Variable>
               <Variable name="Zone 9 VAV min volume flow rate ratio" abbr="VAV9MinFlwRatio" modName="u_VAV[43]" scope="input" variability="continuous" unit="K">
                  <Temperature />
               </Variable>
               <Variable name="Zone 9 VAV reheat coil controller P gain" abbr="VAV9RhcKp" modName="u_VAV[44]" scope="input" variability="continuous" unit="K">
                  <Temperature />
               </Variable>
               <Variable name="Zone 9 VAV reheat coil controller integrator time constant" abbr="VAV9RhcKi" modName="u_VAV[45]" scope="input" variability="continuous" unit="K">
                  <Temperature />
               </Variable>
               <Variable name="VAV1 max cooling air flow rate" abbr="VAV1AirFloNom" modName="nor.m_flow_nominal" scope="input" variability="parameter" unit="K">
                  <Temperature />
               </Variable>
               <Variable name="VAV1 air side pressure drop at max cooling" abbr="VAV1DpNom" modName="nor.vav.dp_nominal" scope="input" variability="parameter" unit="K">
                  <Temperature />
               </Variable>
               <Variable name="VAV2 max cooling air flow rate" abbr="VAV2AirFloNom" modName="norWes.m_flow_nominal" scope="input" variability="parameter" unit="K">
                  <Temperature />
               </Variable>
               <Variable name="VAV2 air side pressure drop at max cooling" abbr="VAV2DpNom" modName="norWes.vav.dp_nominal" scope="input" variability="parameter" unit="K">
                  <Temperature />
               </Variable>
               <Variable name="VAV3 max cooling air flow rate" abbr="VAV3AirFloNom" modName="wes.m_flow_nominal" scope="input" variability="parameter" unit="K">
                  <Temperature />
               </Variable>
               <Variable name="VAV3 air side pressure drop at max cooling" abbr="VAV3DpNom" modName="wes.vav.dp_nominal" scope="input" variability="parameter" unit="K">
                  <Temperature />
               </Variable>
               <Variable name="VAV4 max cooling air flow rate" abbr="VAV4AirFloNom" modName="souWes.m_flow_nominal" scope="input" variability="parameter" unit="K">
                  <Temperature />
               </Variable>
               <Variable name="VAV4 air side pressure drop at max cooling" abbr="VAV4DpNom" modName="souWes.vav.dp_nominal" scope="input" variability="parameter" unit="K">
                  <Temperature />
               </Variable>
               <Variable name="VAV5 max cooling air flow rate" abbr="VAV5AirFloNom" modName="sou.m_flow_nominal" scope="input" variability="parameter" unit="K">
                  <Temperature />
               </Variable>
               <Variable name="VAV5 air side pressure drop at max cooling" abbr="VAV5DpNom" modName="sou.vav.dp_nominal" scope="input" variability="parameter" unit="K">
                  <Temperature />
               </Variable>
               <Variable name="VAV6 max cooling air flow rate" abbr="VAV6AirFloNom" modName="souEas.m_flow_nominal" scope="input" variability="parameter" unit="K">
                  <Temperature />
               </Variable>
               <Variable name="VAV6 air side pressure drop at max cooling" abbr="VAV6DpNom" modName="souEas.vav.dp_nominal" scope="input" variability="parameter" unit="K">
                  <Temperature />
               </Variable>
               <Variable name="VAV7 max cooling air flow rate" abbr="VAV7AirFloNom" modName="eas.m_flow_nominal" scope="input" variability="parameter" unit="K">
                  <Temperature />
               </Variable>
               <Variable name="VAV7 air side pressure drop at max cooling" abbr="VAV7DpNom" modName="eas.vav.dp_nominal" scope="input" variability="parameter" unit="K">
                  <Temperature />
               </Variable>
               <Variable name="VAV8 max cooling air flow rate" abbr="VAV8AirFloNom" modName="norEas.m_flow_nominal" scope="input" variability="parameter" unit="K">
                  <Temperature />
               </Variable>
               <Variable name="VAV8 air side pressure drop at max cooling" abbr="VAV8DpNom" modName="norEas.vav.dp_nominal" scope="input" variability="parameter" unit="K">
                  <Temperature />
               </Variable>
               <Variable name="VAV9 max cooling air flow rate" abbr="VAV9AirFloNom" modName="cor.m_flow_nominal" scope="input" variability="parameter" unit="K">
                  <Temperature />
               </Variable>
               <Variable name="VAV9 air side pressure drop at max cooling" abbr="VAV9DpNom" modName="cor.vav.dp_nominal" scope="input" variability="parameter" unit="K">
                  <Temperature />
               </Variable>
            </Category>
         </SubSystem>
         <SubSystem name="Chiller" abbr="Chi">
            <Category name="NONE" abbr="">

               <Variable name="chilled water pump volume flow rate at first operating point" abbr="CHWPumCurFlo1" modName="CHWPum.pressure.V_flow[1]" scope="input" variability="parameter" unit="K">
                  <Temperature />
               </Variable>
               <Variable name="chilled water pump total pressure at first operating point" abbr="CHWPumCurDp1" modName="CHWPum.pressure.dp[1]" scope="input" variability="parameter" unit="K">
                  <Temperature />
               </Variable>
               <Variable name="chilled water pump volume flow rate at second operating point" abbr="CHWPumCurFlo2" modName="CHWPum.pressure.V_flow[2]" scope="input" variability="parameter" unit="K">
                  <Temperature />
               </Variable>
               <Variable name="chilled water pump total pressure at second operating point" abbr="CHWPumCurDp2" modName="CHWPum.pressure.dp[2]" scope="input" variability="parameter" unit="K">
                  <Temperature />
               </Variable>
               <Variable name="chilled water pump volume flow rate at third operating point" abbr="CHWPumCurFlo3" modName="CHWPum.pressure.V_flow[3]" scope="input" variability="parameter" unit="K">
                  <Temperature />
               </Variable>
               <Variable name="chilled water pump total pressure at third operating point" abbr="CHWPumCurDp3" modName="CHWPum.pressure.dp[3]" scope="input" variability="parameter" unit="K">
                  <Temperature />
               </Variable>
               <Variable name="Chiller COP" abbr="CHICOP" modName="" scope="input" variability="parameter" unit="K">
                  <Temperature />
               </Variable>
               <Variable name="Chilled water loop differential pressure set point reset" abbr="CHICHWPresRstStr" modName="" scope="input" variability="parameter" unit="K">
                  <Temperature />
               </Variable>
               <Variable name="Chiller start/stop control strategy" abbr="CHISSCtrl" modName="" scope="input" variability="parameter" unit="K">
                  <Temperature />
               </Variable>
               <Variable name="Chilled water temp reset" abbr="CHICHWTempRst" modName="" scope="input" variability="parameter" unit="K">
                  <Temperature />
               </Variable>
               <Variable name="Chilled water pump overall efficiency" abbr="CHWPEffi" modName="" scope="input" variability="parameter" unit="K">
                  <Temperature />
               </Variable>
            </Category>
         </SubSystem>
         <SubSystem name="Boiler" abbr="Boi">
            <Category name="NONE" abbr="">
               <Variable name="Hot water temp set point" abbr="BOIHWTempSP" modName="u_BOI[1]" scope="input" variability="continuous" unit="K">
                  <Temperature />
               </Variable>
               <Variable name="Hot water pump speed controller P gain" abbr="BOIHWPumpKp" modName="u_BOI[2]" scope="input" variability="continuous" unit="K">
                  <Temperature />
               </Variable>
               <Variable name="Hot water pump controller integrator time constant" abbr="BOIHWPumpKi" modName="u_BOI[3]" scope="input" variability="continuous" unit="K">
                  <Temperature />
               </Variable>
               <Variable name="Hot water loop heating valve set point" abbr="BOIHWPresSP" modName="u_BOI[4]" scope="input" variability="continuous" unit="K">
                  <Temperature />
               </Variable>
            </Category>
         </SubSystem>
      </System>
   </SystemList>
</Scenario>