<?xml version="1.0" encoding="UTF-8"?>
<!-- edited with XMLSpy v2013 sp1 (x64) (http://www.altova.com) by RD (pcd) -->

<Scenario name="Very Simple Scenario">

   <VariableList>
       <Variable name="Outside air dry bulb" abbr="OATemp" modName="y_SYS[1]" scope="output" variability="continuous" unit="K">
          <Temperature />
       </Variable>
       <Variable name="Zone 1 temp" abbr="ZN1Temp" modName="y_ZN[1]" scope="output" variability="continuous" unit="K">
          <Temperature />
       </Variable>
       <Variable name="Zone 2 temp" abbr="ZN2Temp" modName="y_ZN[5]" scope="output" variability="continuous" unit="K">
          <Temperature />
       </Variable>
       <Variable name="Zone 3 temp" abbr="ZN3Temp" modName="y_ZN[9]" scope="output" variability="continuous" unit="K">
          <Temperature />
       </Variable>
       <Variable name="Zone 4 temp" abbr="ZN4Temp" modName="y_ZN[13]" scope="output" variability="continuous" unit="K">
          <Temperature />
       </Variable>
       <Variable name="Zone 5 temp" abbr="ZN5Temp" modName="y_ZN[17]" scope="output" variability="continuous" unit="K">
          <Temperature />
       </Variable>
       <Variable name="Zone 6 temp" abbr="ZN6Temp" modName="y_ZN[21]" scope="output" variability="continuous" unit="K">
          <Temperature />
       </Variable>
       <Variable name="Zone 7 temp" abbr="ZN7Temp" modName="y_ZN[25]" scope="output" variability="continuous" unit="K">
          <Temperature />
       </Variable>
       <Variable name="Zone 8 temp" abbr="ZN8Temp" modName="y_ZN[29]" scope="output" variability="continuous" unit="K">
          <Temperature />
       </Variable>
       <Variable name="Zone 9 temp" abbr="ZN9Temp" modName="y_ZN[33]" scope="output" variability="continuous" unit="K">
          <Temperature />
       </Variable>
   </VariableList>
   
   <GraphList>
	   <Graph name="ZN1">
	   		<Line name="ZN1SPCool" />
	   		<Line name="OATemp" />
	   		<Line name="ZN1Temp" />
	   		<Line name="ZN1SPHeat" />		
	   </Graph>
	   
	   <Graph name="ZN2">
	   		<Line name="ZN2SPCool" />
	   		<Line name="OATemp" />
	   		<Line name="ZN2Temp" />
	   		<Line name="ZN2SPHeat" />		
	   </Graph>
	   
	   <Graph name="ZN3">
	   		<Line name="ZN3SPCool" />
	   		<Line name="OATemp" />
	   		<Line name="ZN3Temp" />
	   		<Line name="ZN3SPHeat" />		
	   </Graph>
	   
	   <Graph name="ZN4">
	   		<Line name="ZN4SPCool" />
	   		<Line name="OATemp" />
	   		<Line name="ZN4Temp" />
	   		<Line name="ZN4SPHeat" />		
	   </Graph>
	   
	   <Graph name="ZN5">
	   		<Line name="ZN5SPCool" />
	   		<Line name="OATemp" />
	   		<Line name="ZN5Temp" />
	   		<Line name="ZN5SPHeat" />		
	   </Graph>
	   
   </GraphList>

            	
   <SystemList>
      <System name="General" abbr="GN" />
      <System name="Lighting" abbr="Lt" />
      <System name="Daylighting" abbr="Dl" />
      <System name="Enclosure" abbr="En" />
      
      <System name="HVAC" abbr="Hv">
         <SubSystem name="Zone" abbr="ZN">
            <Category name="NONE" abbr="">
               <Variable name="Zone 1 (North) heating set point" abbr="ZN1SPHeat" modName="u_ZN[1]" scope="input" variability="continuous" unit="K">
                  <Temperature default="303.039" />
               </Variable>
               <Variable name="Zone 1 (North) cooling set point" abbr="ZN1SPCool" modName="u_ZN[2]" scope="input" variability="continuous" unit="K">
                  <Temperature default="304.817" />
               </Variable>
               <Variable name="Zone 2 (NorthWest) heating set point" abbr="ZN2SPHeat" modName="u_ZN[5]" scope="input" variability="continuous" unit="K">
                  <Temperature default="302.039" />
               </Variable>
               <Variable name="Zone 2 (NorthWest) cooling set point" abbr="ZN2SPCool" modName="u_ZN[6]" scope="input" variability="continuous" unit="K">
                  <Temperature default="304.817" />
               </Variable>
               <Variable name="Zone 3 (West) heating set point" abbr="ZN3SPHeat" modName="u_ZN[9]" scope="input" variability="continuous" unit="K">
                  <Temperature default="302.039" />
               </Variable>
               <Variable name="Zone 3 (West) cooling set point" abbr="ZN3SPCool" modName="u_ZN[10]" scope="input" variability="continuous" unit="K">
                  <Temperature default="304.817" />
               </Variable>
               <Variable name="Zone 4 (SouthWest) heating set point" abbr="ZN4SPHeat" modName="u_ZN[13]" scope="input" variability="continuous" unit="K">
                  <Temperature default="302.039" />
               </Variable>
               <Variable name="Zone 4 (SouthWest) cooling set point" abbr="ZN4SPCool" modName="u_ZN[14]" scope="input" variability="continuous" unit="K">
                  <Temperature default="304.817" />
               </Variable>
               <Variable name="Zone 5 (South) heating set point" abbr="ZN5SPHeat" modName="u_ZN[17]" scope="input" variability="continuous" unit="K">
                  <Temperature default="302.039" />
               </Variable>
               <Variable name="Zone 5 (South) cooling set point" abbr="ZN5SPCool" modName="u_ZN[18]" scope="input" variability="continuous" unit="K">
                  <Temperature default="304.817" />
               </Variable>
               <Variable name="Zone 6 (SouthEast) heating set point" abbr="ZN6SPHeat" modName="u_ZN[21]" scope="input" variability="continuous" unit="K">
                  <Temperature default="302.039" />
               </Variable>
               <Variable name="Zone 6 (SouthEast) cooling set point" abbr="ZN6SPCool" modName="u_ZN[22]" scope="input" variability="continuous" unit="K">
                  <Temperature default="304.817" />
               </Variable>
               <Variable name="Zone 7 (East) heating set point" abbr="ZN7SPHeat" modName="u_ZN[25]" scope="input" variability="continuous" unit="K">
                  <Temperature default="302.039" />
               </Variable>
               <Variable name="Zone 7 (East) cooling set point" abbr="ZN7SPCool" modName="u_ZN[26]" scope="input" variability="continuous" unit="K">
                  <Temperature default="304.817" />
               </Variable>
               <Variable name="Zone 8 (NorthEast) heating set point" abbr="ZN8SPHeat" modName="u_ZN[29]" scope="input" variability="continuous" unit="K">
                  <Temperature default="302.039" />
               </Variable>
               <Variable name="Zone 8 (NorthEast) cooling set point" abbr="ZN8SPCool" modName="u_ZN[30]" scope="input" variability="continuous" unit="K">
                  <Temperature default="304.817" />
               </Variable>
               <Variable name="Zone 9 (Core) heating set point" abbr="ZN9SPHeat" modName="u_ZN[33]" scope="input" variability="continuous" unit="K">
                  <Temperature default="302.039" />
               </Variable>
               <Variable name="Zone 9 (Core) cooling set point" abbr="ZN9SPCool" modName="u_ZN[34]" scope="input" variability="continuous" unit="K">
                  <Temperature default="304.817" />
               </Variable>
               
            </Category>
         </SubSystem>
      </System>
      
   </SystemList>
</Scenario>