{"materials":[{"DbgColor":15658734,"DbgIndex":0,"DbgName":"tintglass","colorAmbient":[0.0,0.0,0.0],"colorDiffuse":[0.0,0.0,0.0],"colorSpecular":[0.8,0.8,0.8],"opticalDensity":1.0,"specularCoef":131.0,"transparency":0.525},{"DbgColor":15597568,"DbgIndex":1,"DbgName":"clearglass","colorAmbient":[0.0,0.0,0.0],"colorDiffuse":[0.0,0.0,0.0],"colorSpecular":[0.75,0.75,0.75],"opticalDensity":1.0,"specularCoef":131.0,"transparency":0.05},{"DbgColor":60928,"DbgIndex":2,"DbgName":"Mullion","colorAmbient":[0.0,0.0,0.0],"colorDiffuse":[0.170654,0.170681,0.170642],"colorSpecular":[0.5,0.5,0.5],"opticalDensity":1.0,"specularCoef":325.0,"transparency":1.0},{"DbgColor":238,"DbgIndex":3,"DbgName":"Default","colorAmbient":[0.0,0.0,0.0],"colorDiffuse":[0.784314,0.784314,0.784314],"colorSpecular":[0.0,0.0,0.0],"opticalDensity":1.0,"specularCoef":131.0,"transparency":1.0}],"buffers":"floor11ft.obj.bin"}