{"materials":[{"DbgColor":15658734,"DbgIndex":0,"DbgName":"DuctworkCarbon","colorAmbient":[0.0,0.0,0.0],"colorDiffuse":[0.235294,0.235294,0.235294],"colorSpecular":[0.0,0.0,0.0],"illumination":1,"opticalDensity":1.0,"specularCoef":131.372549,"transparency":1.0},{"DbgColor":15597568,"DbgIndex":1,"DbgName":"Blue","colorAmbient":[0.0,0.0,0.0],"colorDiffuse":[0.170588,0.194118,0.458824],"colorSpecular":[0.2,0.2,0.2],"illumination":2,"opticalDensity":1.0,"specularCoef":131.372549,"transparency":1.0},{"DbgColor":60928,"DbgIndex":2,"DbgName":"Cyan","colorAmbient":[0.0,0.0,0.0],"colorDiffuse":[0.488235,0.558824,0.694118],"colorSpecular":[0.2,0.2,0.2],"illumination":2,"opticalDensity":1.0,"specularCoef":131.372549,"transparency":1.0},{"DbgColor":238,"DbgIndex":3,"DbgName":"DarkBlue2","colorAmbient":[0.0,0.0,0.0],"colorDiffuse":[0.170588,0.194118,0.458824],"colorSpecular":[0.2,0.2,0.2],"illumination":2,"opticalDensity":1.0,"specularCoef":131.372549,"transparency":1.0},{"DbgColor":15658496,"DbgIndex":4,"DbgName":"DefaultWhite","colorAmbient":[0.0,0.0,0.0],"colorDiffuse":[0.784314,0.784314,0.784314],"colorSpecular":[0.0,0.0,0.0],"illumination":1,"opticalDensity":1.0,"specularCoef":131.372549,"transparency":1.0}],"buffers":"CoolingCoil.obj.bin"}