{"metadata":{"formatVersion":3.1,"sourceFile":"Damper.obj","generatedBy":"OBJConverter","vertices":570,"faces":660,"normals":0,"uvs":0,"materials":5},"materials":[{"DbgColor":15658734,"DbgIndex":0,"DbgName":"DuctworkCarbon","colorAmbient":[0.0,0.0,0.0],"colorDiffuse":[0.235294,0.235294,0.235294],"colorSpecular":[0.0,0.0,0.0],"illumination":1,"opticalDensity":1.0,"specularCoef":131.372549,"transparency":1.0},{"DbgColor":15597568,"DbgIndex":1,"DbgName":"DefaultWhite","colorAmbient":[0.0,0.0,0.0],"colorDiffuse":[0.784314,0.784314,0.784314],"colorSpecular":[0.0,0.0,0.0],"illumination":1,"opticalDensity":1.0,"specularCoef":131.372549,"transparency":1.0},{"DbgColor":60928,"DbgIndex":2,"DbgName":"Actuator","colorAmbient":[0.0,0.0,0.0],"colorDiffuse":[0.988235,0.529412,0.219608],"colorSpecular":[0.0,0.0,0.0],"illumination":1,"opticalDensity":1.0,"specularCoef":131.372549,"transparency":1.0},{"DbgColor":238,"DbgIndex":3,"DbgName":"Damper","colorAmbient":[0.0,0.0,0.0],"colorDiffuse":[0.784314,0.784314,0.784314],"colorSpecular":[0.0,0.0,0.0],"illumination":1,"opticalDensity":1.0,"specularCoef":131.372549,"transparency":1.0},{"DbgColor":15658496,"DbgIndex":4,"DbgName":"DamperEdges","colorAmbient":[0.0,0.0,0.0],"colorDiffuse":[0.933333,0.568627,0.568627],"colorSpecular":[0.0,0.0,0.0],"illumination":1,"opticalDensity":1.0,"specularCoef":131.372549,"transparency":1.0}],"buffers":"Damper.obj.bin"}