{"metadata":{"formatVersion":3.1,"sourceFile":"Fan.obj","generatedBy":"OBJConverter","vertices":2812,"faces":2573,"normals":0,"uvs":0,"materials":10},"materials":[{"DbgColor":15658734,"DbgIndex":0,"DbgName":"FanAxleWheel","colorAmbient":[0.0,0.0,0.0],"colorDiffuse":[0.184314,0.356863,0.443137],"colorSpecular":[0.5,0.5,0.5],"illumination":2,"opticalDensity":1.0,"specularCoef":131.372549,"transparency":1.0},{"DbgColor":15597568,"DbgIndex":1,"DbgName":"FanBlades","colorAmbient":[0.0,0.0,0.0],"colorDiffuse":[0.894118,0.811765,0.639216],"colorSpecular":[0.5,0.5,0.5],"illumination":2,"opticalDensity":1.0,"specularCoef":131.372549,"transparency":1.0},{"DbgColor":60928,"DbgIndex":2,"DbgName":"FanAxle","colorAmbient":[0.0,0.0,0.0],"colorDiffuse":[0.184314,0.356863,0.443137],"colorSpecular":[0.5,0.5,0.5],"illumination":2,"opticalDensity":1.0,"specularCoef":131.372549,"transparency":1.0},{"DbgColor":238,"DbgIndex":3,"DbgName":"FanRibs","colorAmbient":[0.0,0.0,0.0],"colorDiffuse":[0.47451,0.34902,0.407843],"colorSpecular":[0.5,0.5,0.5],"illumination":2,"opticalDensity":1.0,"specularCoef":131.372549,"transparency":1.0},{"DbgColor":15658496,"DbgIndex":4,"DbgName":"FanEngine","colorAmbient":[0.0,0.0,0.0],"colorDiffuse":[0.200784,0.200784,0.200782],"colorSpecular":[0.5,0.5,0.5],"illumination":2,"opticalDensity":1.0,"specularCoef":325.490196,"transparency":1.0},{"DbgColor":61166,"DbgIndex":5,"DbgName":"Metalwork","colorAmbient":[0.0,0.0,0.0],"colorDiffuse":[0.221369,0.215599,0.221719],"colorSpecular":[0.95,0.95,0.95],"illumination":2,"opticalDensity":1.0,"specularCoef":70.588235,"transparency":1.0},{"DbgColor":15597806,"DbgIndex":6,"DbgName":"FanChassis","colorAmbient":[0.0,0.0,0.0],"colorDiffuse":[0.368627,0.619608,0.741176],"colorSpecular":[0.5,0.5,0.5],"illumination":2,"opticalDensity":1.0,"specularCoef":131.372549,"transparency":1.0},{"DbgColor":12355935,"DbgIndex":7,"DbgName":"DuctworkMatte","colorAmbient":[0.0,0.0,0.0],"colorDiffuse":[0.200784,0.200784,0.200782],"colorSpecular":[0.5,0.5,0.5],"illumination":2,"opticalDensity":1.0,"specularCoef":325.490196,"transparency":1.0},{"DbgColor":11353132,"DbgIndex":8,"DbgName":"FanMotorWheel","colorAmbient":[0.0,0.0,0.0],"colorDiffuse":[0.184314,0.356863,0.443137],"colorSpecular":[0.5,0.5,0.5],"illumination":2,"opticalDensity":1.0,"specularCoef":131.372549,"transparency":1.0},{"DbgColor":3744854,"DbgIndex":9,"DbgName":"FanBelt","colorAmbient":[0.0,0.0,0.0],"colorDiffuse":[0.172549,0.113725,0.254902],"colorSpecular":[0.5,0.5,0.5],"illumination":2,"opticalDensity":1.0,"specularCoef":131.372549,"transparency":1.0}],"buffers":"Fan.obj.bin"}