{"metadata":{"formatVersion":3.1,"sourceFile":"PendantLight.obj","generatedBy":"OBJConverter","vertices":1057,"faces":860,"normals":0,"uvs":0,"materials":3},"materials":[{"DbgColor":15658734,"DbgIndex":0,"DbgName":"grey","colorAmbient":[0.0,0.0,0.0],"colorDiffuse":[0.705882,0.693558,0.702801],"colorSpecular":[0.0,0.0,0.0],"illumination":1,"opticalDensity":1.0,"specularCoef":131.372549,"transparency":1.0},{"DbgColor":15597568,"DbgIndex":1,"DbgName":"white","colorAmbient":[0.0,0.0,0.0],"colorDiffuse":[1.0,0.982541,0.995635],"colorSpecular":[0.0,0.0,0.0],"illumination":1,"opticalDensity":1.0,"specularCoef":131.372549,"transparency":1.0},{"DbgColor":60928,"DbgIndex":2,"DbgName":"center","colorAmbient":[0.0,0.0,0.0],"colorDiffuse":[1.0,1.0,1.0],"colorSpecular":[0.0,0.0,0.0],"illumination":1,"opticalDensity":1.0,"specularCoef":131.372549,"transparency":1.0}],"buffers":"PendantLight.obj.bin"}