{"metadata":{"formatVersion":3.1,"sourceFile":"RecessedLight.obj","generatedBy":"OBJConverter","vertices":204,"faces":164,"normals":0,"uvs":0,"materials":4},"materials":[{"DbgColor":15658734,"DbgIndex":0,"DbgName":"Interior_Body","colorAmbient":[0.0,0.0,0.0],"colorDiffuse":[0.835386,0.98067,0.98067],"colorSpecular":[0.475,0.475,0.475],"illumination":2,"opticalDensity":1.0,"specularCoef":131.372549,"transparency":1.0},{"DbgColor":15597568,"DbgIndex":1,"DbgName":"Default","colorAmbient":[0.0,0.0,0.0],"colorDiffuse":[0.784314,0.784314,0.784314],"colorSpecular":[0.0,0.0,0.0],"illumination":1,"opticalDensity":1.0,"specularCoef":131.372549,"transparency":1.0},{"DbgColor":60928,"DbgIndex":2,"DbgName":"black","colorAmbient":[0.0,0.0,0.0],"colorDiffuse":[0.0,0.0,0.0],"colorSpecular":[0.0,0.0,0.0],"illumination":1,"opticalDensity":1.0,"specularCoef":131.372549,"transparency":1.0},{"DbgColor":238,"DbgIndex":3,"DbgName":"Interior","colorAmbient":[0.0,0.0,0.0],"colorDiffuse":[0.854982,0.853595,0.877828],"colorSpecular":[0.165,0.165,0.165],"illumination":2,"opticalDensity":1.0,"specularCoef":131.372549,"transparency":1.0}],"buffers":"RecessedLight.obj.bin"}