{"metadata":{"formatVersion":3.1,"sourceFile":"9ftStripWindow.obj","generatedBy":"OBJConverter","vertices":1968,"faces":1966,"normals":7868,"uvs":0,"materials":2},"materials":[{"DbgColor":15658734,"DbgIndex":0,"DbgName":"Mullion","colorAmbient":[0.170654,0.170681,0.170642],"colorDiffuse":[1.0,1.0,1.0],"colorSpecular":[0.5,0.5,0.5],"opticalDensity":1.0,"specularCoef":325.0,"transparency":1.0},{"DbgColor":15597568,"DbgIndex":1,"DbgName":"tintglass","colorAmbient":[0.0,0.0,0.0],"colorDiffuse":[1.0,1.0,1.0],"colorSpecular":[0.8,0.8,0.8],"opticalDensity":1.0,"specularCoef":131.0,"transparency":0.21}],"buffers":"9ftStripWindow.obj.bin"}