{"metadata":{"formatVersion":3.1,"sourceFile":"Floor13ft.obj","generatedBy":"OBJConverter","vertices":1066,"faces":292,"normals":2240,"uvs":48,"materials":2},"materials":[{"DbgColor":15658734,"DbgIndex":0,"DbgName":"Default","colorAmbient":[0.784314,0.784314,0.784314],"colorDiffuse":[1.0,1.0,1.0],"colorSpecular":[0.0,0.0,0.0],"opticalDensity":1.0,"specularCoef":400.0,"transparency":1.0},{"DbgColor":15597568,"DbgIndex":1,"DbgName":"Exterior_Envelope","colorAmbient":[0.715777,0.672648,0.602652],"colorDiffuse":[1.0,1.0,1.0],"colorSpecular":[0.1,0.1,0.1],"opticalDensity":1.0,"specularCoef":250.0,"transparency":1.0}],"buffers":"Floor13ft.obj.bin"}