{"materials":[{"DbgColor":15658734,"DbgIndex":0,"DbgName":"Exterior_Envelope","colorAmbient":[0.715777,0.672648,0.602652],"colorDiffuse":[1.0,1.0,1.0],"colorSpecular":[0.1,0.1,0.1],"opticalDensity":1.0,"specularCoef":250.0,"transparency":1.0},{"DbgColor":15597568,"DbgIndex":1,"DbgName":"Default","colorAmbient":[0.853153,0.853153,0.853153],"colorDiffuse":[1.0,1.0,1.0],"colorSpecular":[0.0,0.0,0.0],"opticalDensity":1.0,"specularCoef":131.0,"transparency":1.0},{"DbgColor":60928,"DbgIndex":2,"DbgName":"tintglass","colorAmbient":[0.0,0.0,0.0],"colorDiffuse":[1.0,1.0,1.0],"colorSpecular":[0.8,0.8,0.8],"opticalDensity":1.0,"specularCoef":131.0,"transparency":0.525}],"buffers":"floor9ft.obj.bin"}