{"metadata":{"formatVersion":3.1,"sourceFile":"Boiler.obj","generatedBy":"OBJConverter","vertices":1358,"faces":1168,"normals":0,"uvs":0,"materials":2},"materials":[{"DbgColor":15658734,"DbgIndex":0,"DbgName":"outer","colorAmbient":[0.0,0.0,0.0],"colorDiffuse":[0.627451,0.627451,0.627451],"colorSpecular":[0.5,0.5,0.5],"illumination":2,"opticalDensity":1.0,"specularCoef":96.078431,"transparency":1.0},{"DbgColor":15597568,"DbgIndex":1,"DbgName":"Default_1","colorAmbient":[0.0,0.0,0.0],"colorDiffuse":[0.627451,0.627451,0.627451],"colorSpecular":[0.5,0.5,0.5],"illumination":2,"opticalDensity":1.0,"specularCoef":96.078431,"transparency":1.0}],"buffers":"Boiler.obj.bin"}