{"metadata":{"formatVersion":3.1,"sourceFile":"RooftopPipeing.obj","generatedBy":"OBJConverter","vertices":8136,"faces":7824,"normals":0,"uvs":0,"materials":4},"materials":[{"DbgColor":15658734,"DbgIndex":0,"DbgName":"blue","colorAmbient":[0.0,0.0,0.0],"colorDiffuse":[0.181961,0.207059,0.489412],"colorSpecular":[0.5,0.5,0.5],"illumination":2,"opticalDensity":1.0,"specularCoef":96.078431,"transparency":1.0},{"DbgColor":15597568,"DbgIndex":1,"DbgName":"lightblue","colorAmbient":[0.0,0.0,0.0],"colorDiffuse":[0.333884,0.460521,0.589731],"colorSpecular":[0.5,0.5,0.5],"illumination":2,"opticalDensity":1.0,"specularCoef":96.078431,"transparency":1.0},{"DbgColor":60928,"DbgIndex":2,"DbgName":"lightred","colorAmbient":[0.0,0.0,0.0],"colorDiffuse":[0.786864,0.386499,0.420498],"colorSpecular":[0.5,0.5,0.5],"illumination":2,"opticalDensity":1.0,"specularCoef":96.078431,"transparency":1.0},{"DbgColor":238,"DbgIndex":3,"DbgName":"red","colorAmbient":[0.0,0.0,0.0],"colorDiffuse":[0.567843,0.232157,0.232157],"colorSpecular":[0.5,0.5,0.5],"illumination":2,"opticalDensity":1.0,"specularCoef":96.078431,"transparency":1.0}],"buffers":"RooftopPipeing.obj.bin"}