{"cameras":{"vp1":{"type":"perspective","fov":30.000000,"aspect":1.333000,"near":1.000000,"far":10000.000000,"position":[0,0,0],"target":[0,0,0]}},"containers":{"AirHandler - Back":{"type":"group","groupName":"AirHandlerGroup","position":[3.5,0,-7.5],"scale":[1,1,1],"rotation":[0,0,0],"viewpoint":"vpRootop"},"AirHandler - Center":{"type":"group","groupName":"AirHandlerGroup","position":[3.5,0,-2.8],"scale":[1,1,1],"rotation":[0,0,0],"viewpoint":"vpRootop"},"AirHandler - Front":{"type":"group","groupName":"AirHandlerGroup","position":[3.5,0,1.2],"scale":[1,1,1],"rotation":[0,0,0],"viewpoint":"vpRootop"},"Pipeing":{"type":"group","groupName":"PipeingGroup","position":[0,-1.8,-3],"rotation":[0,0,0],"viewpoint":"vpRootop"},"Other":{"type":"group","groupName":"UnitGroup","position":[0,0,0],"rotation":[0,0,0],"viewpoint":"vpRootop"}},"objects":{"Cooler":{"geometry":"geo_Cooler","position":[-9.0,1.1,-2.4],"rotation":[0,0,0],"groups":["UnitGroup"],"viewpoint":"vp2"},"Chiller":{"geometry":"geo_Chiller","position":[-5.0,1.1,-2.4],"rotation":[0,0,0],"groups":["UnitGroup"],"viewpoint":"vp1"},"Boiler":{"geometry":"geo_Boiler","position":[-6.0,1.0,-6.2],"rotation":[0,0,0],"groups":["UnitGroup"]},"Pipeing":{"geometry":"geo_Pipeing","position":[0,0,0],"rotation":[0,1.57075,0],"groups":["PipeingGroup"]},"Pipeing Connectors":{"geometry":"geo_PipeingConnectors","position":[-6,3.6,0],"rotation":[0,1.57075,0],"groups":["PipeingGroup"]},"Ducting":{"geometry":"geo_Ducting","position":[0,0,0],"rotation":[0,1.57075,0],"groups":["AirHandlerGroup"],"viewpoint":"vp3"},"Damper - Center":{"geometry":"geo_Damper","position":[-2.82897,1.78750,-0.43100],"groups":["AirHandlerGroup"]},"Damper - Left":{"geometry":"geo_Damper","position":[-7.15,1.78750,-0.43100],"groups":["AirHandlerGroup"]},"Damper - Top":{"geometry":"geo_Damper","position":[-1.37100,2.6,-0.43100],"rotation":[0,0,-1.5708],"groups":["AirHandlerGroup"]},"Filter":{"geometry":"geo_Filter","position":[0.0489604,1.82656,-0.563846],"groups":["AirHandlerGroup"]},"Heating Coil":{"geometry":"geo_HeatingCoil","position":[1.40462,1.54171,-0.552678],"groups":["AirHandlerGroup"]},"Cooling Coil":{"geometry":"geo_CoolingCoil","position":[2.9867,1.53703,-0.554558],"groups":["AirHandlerGroup"]},"Fan - Right":{"geometry":"geo_Fan","position":[4.81478,1.71910,-0.74870],"groups":["AirHandlerGroup"]},"Fan - Left":{"geometry":"geo_Fan","position":[-4.1,1.71910,-0.74870],"groups":["AirHandlerGroup"]}},"geometries":{"geo_Cooler":{"type":"binary","url":"Cooler.obj.json"},"geo_Chiller":{"type":"binary","url":"Chiller.obj.json"},"geo_Boiler":{"type":"binary","url":"Boiler.obj.json"},"geo_Pipeing":{"type":"binary","url":"RooftopPipeing.obj.json"},"geo_PipeingConnectors":{"type":"binary","url":"RooftopPipeingConnectors.obj.json"},"geo_Ducting":{"type":"binary","url":"rooftopLowpoly_raj11e.obj.json"},"geo_Damper":{"type":"binary","url":"Damper.obj.json"},"geo_Filter":{"type":"binary","url":"Filter.obj.json"},"geo_HeatingCoil":{"type":"binary","url":"HeatingCoil.obj.json"},"geo_CoolingCoil":{"type":"binary","url":"CoolingCoil.obj.json"},"geo_Fan":{"type":"binary","url":"Fan.obj.json"}},"transform":{"position":[-1.5,0.0,2.4]}}